Match Date,Team 1,Team 2,Match ID,Old Predicted Best 11,New Predicted Best 11,Actual/Dream Team Best 11,Old Overlap,New Overlap,Old Recall@11,New Recall@11,Old Jaccard,New Jaccard,Old Actual Points of Predicted XI,New Actual Points of Predicted XI,Actual Dream XI Points,Old Team Regret,New Team Regret,Old Captain,New Captain,Actual Captain,Old Vice Captain,New Vice Captain,Actual Vice Captain,Old Captain Correct,New Captain Correct,Old VC Correct,New VC Correct
2024-07-02,Indonesia,Bhutan,1440443,F Banunaek|S Pradhan|A Andriani|J Singye|PR Surve|L Qiao|IK Gamantika|Gaurav Tiwari|R Rohmalia|N Choden|A Gurung,F Banunaek|NPAN Sakarini|S Pradhan|PR Surve|L Qiao|IK Gamantika|T Zangmo|D Wangmo|Gaurav Tiwari|N Choden|A Gurung,K Winda Prastini|NPAN Sakarini|NLKWR Dewi|L Qiao|Y Choden|NKF Rada Rani|NW Sariani|R Choden|NMP Suwandewi|Chado Om|A Gurung,2,3,0.18181818181818182,0.2727272727272727,0.1,0.15789473684210525,75.0,136.0,651.0,576.0,515.0,Gaurav Tiwari,Gaurav Tiwari,NW Sariani,S Pradhan,F Banunaek,NLKWR Dewi,0,0,0,0
2024-07-03,Rwanda,Kenya,1441140,E Wachira|IA Karim|SO Tikolo|Q Abel|E Sebareme|M Akayezu|S Wetoto|TM Odoyo|MD Bimenyimana|RG Aga|H Ishimwe,IA Karim|SO Ngoche|Muhammad Nadir|Vraj Patel|LN Oluoch|M Akayezu|Z Bimenyimana|RR Patel|MD Bimenyimana|Q Abel|P Koech,SO Ngoche|Muhammad Nadir|JS Kundi|D Ndikubwimana|Hamza Khan|N Mugabe|E Sebareme|C Rububagumya|LN Oluoch|Z Bimenyimana|O Manishimwe,1,4,0.09090909090909091,0.36363636363636365,0.047619047619047616,0.2222222222222222,53.0,245.0,645.0,592.0,400.0,Q Abel,RR Patel,O Manishimwe,MD Bimenyimana,SO Ngoche,N Mugabe,0,0,0,0
2024-07-05,Kenya,Rwanda,1441145,Rosine Irera|E Wachira|IA Karim|SO Tikolo|Q Abel|S Wetoto|M Akayezu|RR Patel|MD Bimenyimana|RG Aga|H Ishimwe,SO Ngoche|Muhammad Nadir|Vraj Patel|LN Oluoch|M Akayezu|S Singh|Z Bimenyimana|RR Patel|GM Muthui|MD Bimenyimana|Q Abel,SO Ngoche|F Mutua|N Mugabe|M Akayezu|Vraj Patel|C Rububagumya|E Kubwimana|S Singh|RR Patel|Yves Cyusa|O Manishimwe,2,5,0.18181818181818182,0.45454545454545453,0.1,0.29411764705882354,155.0,444.0,687.0,532.0,243.0,Q Abel,RR Patel,RR Patel,MD Bimenyimana,SO Ngoche,N Mugabe,0,1,0,0
2024-07-05,Indonesia,Singapore,1440447,F Banunaek|Janak Prakash|Shafina Mahesh|NPAN Sakarini|NLKWR Dewi|GK Diviya|PR Surve|Gaurav Tiwari|R Rohmalia|AE Paraam|U Aryaman Sunil,NPAN Sakarini|NLKWR Dewi|GK Diviya|H Dhavina|L Qiao|M Corazon|NMP Suwandewi|NW Sariani|AE Paraam|Vinu Kumar|Shafina Mahesh,NPAN Sakarini|RR Seth|NLKWR Dewi|LAR Bommareddy|RD Pangestuti|NKF Rada Rani|NW Sariani|NMP Suwandewi|PSR Gurusinghe|SAN Maypriani|Shafina Mahesh,3,5,0.2727272727272727,0.45454545454545453,0.15789473684210525,0.29411764705882354,250.0,420.0,627.0,377.0,207.0,AE Paraam,NLKWR Dewi,NLKWR Dewi,NLKWR Dewi,GK Diviya,NW Sariani,0,1,0,0
2024-07-05,South Africa,India,1434291,M Kapp|D van Niekerk|Kuldeep Yadav|Q de Kock|DB Sharma|AK Markram|D Pretorius|HH Pandya|CL Tryon|AR Patel|AB de Villiers,Q de Kock|RR Hendricks|K Rabada|Kuldeep Yadav|KA Maharaj|AK Markram|HH Pandya|AR Patel|JJ Bumrah|RA Jadeja|V Kohli,M Kapp|JI Rodrigues|S Mandhana|S Jafta|RP Yadav|Shafali Verma|H Kaur|CL Tryon|L Wolvaardt|P Vastrakar|T Brits,2,0,0.18181818181818182,0.0,0.1,0.0,132.0,0.0,672.0,540.0,672.0,M Kapp,HH Pandya,T Brits,D van Niekerk,Q de Kock,M Kapp,0,0,0,0
2024-07-06,England,New Zealand,1398277,AE Satterthwaite|DL Maddy|AL Watkins|S Ecclestone|SFM Devine|AP Devcich|NR Sciver|RS Bopara|JC Buttler|NR Sciver-Brunt|AC Kerr,CJ Jordan|AU Rashid|JC Archer|KS Williamson|PD Salt|TG Southee|SFM Devine|LS Livingstone|JC Buttler|NR Sciver-Brunt|AC Kerr,AE Jones|ME Bouchier|JM Kerr|LMM Tahuhu|NR Sciver-Brunt|S Glenn|SW Bates|CE Dean|FG Kemp|DN Wyatt|AC Kerr,2,2,0.18181818181818182,0.18181818181818182,0.1,0.1,156.0,127.0,725.0,569.0,598.0,AC Kerr,JC Buttler,DN Wyatt,SFM Devine,CJ Jordan,NR Sciver-Brunt,0,0,0,0
2024-07-06,Bhutan,Singapore,1440448,Janak Prakash|Shafina Mahesh|S Pradhan|T Wangchuk|GK Diviya|J Singye|Avi Dixit|R Kalimuthu|U Aryaman Sunil|AE Paraam|A Gurung,Shafina Mahesh|H Dhavina|GK Diviya|T Zangmo|D Wangmo|Chado Om|N Choden|R Choden|AE Paraam|Ada Bhasin|A Gurung,JS Pooranakaran|RR Seth|H Dhavina|GK Diviya|T Zangmo|Y Choden|A Gurung|N Choden|S Choden|Ada Bhasin|Vinu Kumar,2,6,0.18181818181818182,0.5454545454545454,0.1,0.375,77.0,364.0,471.0,394.0,107.0,AE Paraam,GK Diviya,S Choden,S Pradhan,A Gurung,H Dhavina,0,0,0,0
2024-07-06,Zimbabwe,India,1420223,Kuldeep Yadav|DJ Hooda|RP Yadav|T Musekiwa|N Niranjana|HH Pandya|MS Dhoni|AR Patel|Sikandar Raza|J Nkomo|K Ndlovu,Kuldeep Yadav|DB Sharma|RP Yadav|H Kaur|Renuka Singh|HH Pandya|Sikandar Raza|AR Patel|M Mupachikwa|J Nkomo|K Ndlovu,Ravi Bishnoi|C Madande|TL Chatara|BJ Bennett|WP Masakadza|B Muzarabani|Washington Sundar|Sikandar Raza|Avesh Khan|W Madhevere|Shubman Gill,1,1,0.09090909090909091,0.09090909090909091,0.047619047619047616,0.047619047619047616,109.0,109.0,769.0,660.0,660.0,Sikandar Raza,HH Pandya,Ravi Bishnoi,HH Pandya,DB Sharma,Sikandar Raza,0,0,0,0
2024-07-07,India,Zimbabwe,1420224,Kuldeep Yadav|RD Gaikwad|T Musekiwa|N Niranjana|HH Pandya|MS Dhoni|Sikandar Raza|AR Patel|J Nkomo|BJ Bennett|K Ndlovu,Ravi Bishnoi|LM Jongwe|RD Gaikwad|DB Sharma|RP Yadav|B Muzarabani|HH Pandya|RR Pant|Sikandar Raza|Avesh Khan|BJ Bennett,Ravi Bishnoi|C Madande|RD Gaikwad|Mukesh Kumar|RK Singh|W Madhevere|Washington Sundar|Sikandar Raza|Avesh Khan|BJ Bennett|Abhishek Sharma,3,5,0.2727272727272727,0.45454545454545453,0.15789473684210525,0.29411764705882354,166.0,387.0,755.0,589.0,368.0,Sikandar Raza,Sikandar Raza,Abhishek Sharma,HH Pandya,HH Pandya,RD Gaikwad,0,0,0,0
2024-07-07,Indonesia,Singapore,1440450,F Banunaek|Janak Prakash|NPAN Sakarini|NLKWR Dewi|GK Diviya|PR Surve|Gaurav Tiwari|NMP Suwandewi|R Rohmalia|AE Paraam|U Aryaman Sunil,NPAN Sakarini|NLKWR Dewi|GK Diviya|L Qiao|LAR Bommareddy|NMP Suwandewi|NW Sariani|AE Paraam|M Corazon|Ada Bhasin|Shafina Mahesh,K Winda Prastini|TW Hamid|RR Seth|NLKWR Dewi|DAL Paramitha|NW Sariani|DA Galia|JT Pooranakaran|M Corazon|Ada Bhasin|D Wulandari,1,4,0.09090909090909091,0.36363636363636365,0.047619047619047616,0.2222222222222222,84.0,263.0,544.0,460.0,281.0,NLKWR Dewi,NLKWR Dewi,K Winda Prastini,AE Paraam,NPAN Sakarini,M Corazon,0,0,0,0
2024-07-07,Indonesia,Bhutan,1440449,F Banunaek|NPAN Sakarini|S Pradhan|NLKWR Dewi|T Wangchuk|J Singye|PR Surve|Gaurav Tiwari|NMP Suwandewi|R Rohmalia|A Gurung,NPAN Sakarini|NLKWR Dewi|L Qiao|A Gurung|N Choden|NMP Suwandewi|NW Sariani|R Choden|Chado Om|SAN Maypriani|D Wulandari,K Winda Prastini|NLKWR Dewi|T Zangmo|D Wangmo|Y Choden|Sonam|NW Sariani|R Choden|N Choden|S Choden|A Gurung,2,5,0.18181818181818182,0.45454545454545453,0.1,0.29411764705882354,112.0,325.0,548.0,436.0,223.0,NLKWR Dewi,NLKWR Dewi,NW Sariani,Gaurav Tiwari,NPAN Sakarini,T Zangmo,0,0,0,0
2024-07-08,Germany,Gibraltar,1439814,A Doddaballapur|AIV Benatar|BA Pai|J van Heerden|CM Gough|S Bodha|EAS Ferrary|CAJ Meschede|D Klein|N Caruana|L Bruce,A Doddaballapur|AIV Benatar|BA Pai|Sahir Naqash|J van Heerden|KJ Stagno|CM Gough|S Bodha|EAS Ferrary|N Caruana|L Bruce,IDM Latin|BA Pai|B Kohler-Cadmore|H Singh|Fayaz Khan|Muslim Yar|K Mirpuri|C Pyle|Musaddiq Ahmed|M Gouws|S Bodha,2,2,0.18181818181818182,0.18181818181818182,0.1,0.1,167.0,192.0,787.0,620.0,595.0,CM Gough,N Caruana,H Singh,CAJ Meschede,CM Gough,S Bodha,0,0,0,0
2024-07-08,Bhutan,Singapore,1440451,Janak Prakash|Shafina Mahesh|S Pradhan|T Wangchuk|GK Diviya|J Singye|Avi Dixit|U Aryaman Sunil|R Choden|AE Paraam|A Gurung,Shafina Mahesh|JS Pooranakaran|H Dhavina|GK Diviya|T Zangmo|N Choden|R Choden|AE Paraam|S Choden|Ada Bhasin|A Gurung,Shafina Mahesh|K Dema|JS Pooranakaran|LAR Bommareddy|T Zangmo|D Wangmo|Sonam|R Choden|S Choden|Ada Bhasin|Vinu Kumar,2,6,0.18181818181818182,0.5454545454545454,0.1,0.375,107.0,423.0,599.0,492.0,176.0,AE Paraam,GK Diviya,S Choden,S Pradhan,A Gurung,T Zangmo,0,0,0,0
2024-07-08,Norway,Sweden,1439816,Nazakat Ali|Sher Sahak|Hayatullah Niazi|Junaid Sheikh|A Venkatesh|G Shukla|Azam Khalil|Zaker Taqawi|Raza Iqbal|L Karlsson|Khizer Ahmed,Sher Sahak|A Venkatesh|G Shukla|Qamar Mushtaque|Wahidullah Sahak|Azam Khalil|Walid Ghauri|Khizer Ahmed|D Abeyrathna|Raza Iqbal|Hamid Mahmood,AJ Parmar|Qamar Mushtaque|Vinay Ravi|Abdul Naser Baluch|A Mundra|Walid Ghauri|Khalid Zahid|Khizer Ahmed|Wahidullah Sahak|Raza Iqbal|Hamid Mahmood,2,6,0.18181818181818182,0.5454545454545454,0.1,0.375,140.0,475.0,912.0,772.0,437.0,Raza Iqbal,Raza Iqbal,Khalid Zahid,Azam Khalil,G Shukla,Wahidullah Sahak,0,0,0,0
2024-07-09,England,New Zealand,1398278,AE Satterthwaite|DL Maddy|AL Watkins|S Ecclestone|TG Southee|FL Mackay|AP Devcich|NR Sciver|RS Bopara|JC Buttler|AC Kerr,EJ Carson|AE Jones|S Ecclestone|LMM Tahuhu|HC Knight|SFM Devine|S Glenn|SW Bates|CE Dean|NR Sciver-Brunt|AC Kerr,ML Green|ME Bouchier|IC Gaze|S Ecclestone|LMM Tahuhu|HC Knight|BM Halliday|A Capsey|CE Dean|NR Sciver-Brunt|AC Kerr,2,6,0.18181818181818182,0.5454545454545454,0.1,0.375,90.0,315.0,431.0,341.0,116.0,AC Kerr,AC Kerr,A Capsey,AL Watkins,S Ecclestone,CE Dean,0,0,0,0
2024-07-09,Germany,Sweden,1439819,A Doddaballapur|J van Heerden|AM Healey|A Venkatesh|CM Gough|G Shukla|CAJ Meschede|Azam Khalil|D Klein|J Broad|Khalid Zahid,CM Gough|Fayaz Khan|Ghulam Ahmadi|Sachin Mandy|Abdul Naser Baluch|Muslim Yar|Zaker Taqawi|Khalid Zahid|Samiullah Rahmani|Sajid Liaqat|Hamid Mahmood,B Kohler-Cadmore|H Singh|Fayaz Khan|Sachin Mandy|Zahid Zadran|Faisal Mubashir|Abdur Rahman Sudais|Musaddiq Ahmed|Choudry Share Ali|Samiullah Rahmani|Hamid Mahmood,0,4,0.0,0.36363636363636365,0.0,0.2222222222222222,31.0,377.0,797.0,766.0,420.0,CM Gough,Khalid Zahid,H Singh,CAJ Meschede,Zaker Taqawi,Musaddiq Ahmed,0,0,0,0
2024-07-09,Jersey,Switzerland,1439820,A Merritt|Arjun Vinod|JW Jenner|Faheem Nazir|B Ward|K Fletcher|J Sumerauer|AM Tribe|NA Greenwood|CM Greechan|Ali Nayyer,Ashwin Vinod|Arjun Vinod|CW Perchard|JW Jenner|Faheem Nazir|B Ward|K Fletcher|D Birrell|J Sumerauer|AM Tribe|NA Greenwood,Abdullah Rana|JE Dunford|JW Jenner|B Ward|C Brennan|K Fletcher|D Birrell|J Sumerauer|Idrees Ul Haque|NA Greenwood|Ali Nayyer,6,6,0.5454545454545454,0.5454545454545454,0.375,0.375,580.0,545.0,827.0,247.0,282.0,NA Greenwood,NA Greenwood,B Ward,Faheem Nazir,Faheem Nazir,Ali Nayyer,0,0,0,0
2024-07-09,Slovenia,Norway,1439817,Nazakat Ali|P Pustoslemsek|Hayatullah Niazi|Sher Sahak|Ayyaz Qureshi|Junaid Sheikh|Wahidullah Sahak|Muhammad Siddiqui|Raza Iqbal|Khizer Ahmed|Awais Ikram,P Pustoslemsek|Ayyaz Qureshi|Qamar Mushtaque|Wahidullah Sahak|Muhammad Siddiqui|Vinay Ravi|Walid Ghauri|Raza Iqbal|Ahmadullah Shinwari|Khizer Ahmed|BS Sandhu,Sher Sahak|Tarun Sharma|AJ Parmar|Qamar Mushtaque|Wahidullah Sahak|Javed Maroofkhail|Vinay Ravi|Merwais Shinwari|Izaz Ali|Raza Iqbal|Khizer Ahmed,4,5,0.36363636363636365,0.45454545454545453,0.2222222222222222,0.29411764705882354,213.0,268.0,511.0,298.0,243.0,Raza Iqbal,Raza Iqbal,AJ Parmar,Muhammad Siddiqui,Wahidullah Sahak,Raza Iqbal,0,0,0,0
2024-07-10,Gibraltar,Slovenia,1439824,BA Pai|AIV Benatar|P Pustoslemsek|KJ Stagno|KJ Ferrary|EAS Ferrary|Muhammad Siddiqui|Ramanjot Singh|N Caruana|L Bruce|Awais Ikram,IDM Latin|BA Pai|J Horrocks|KJ Stagno|S Bodha|Muhammad Siddiqui|DK Pallekonda|Merwais Shinwari|K Mirpuri|Taher Muhammad|L Bruce,IDM Latin|BA Pai|S Koppolu|J Horrocks|Saeed Waqar Ali|Muhammad Siddiqui|K Mirpuri|Merwais Shinwari|C Pyle|Izaz Ali|L Bruce,3,7,0.2727272727272727,0.6363636363636364,0.15789473684210525,0.4666666666666667,245.0,574.0,739.0,494.0,165.0,BA Pai,BA Pai,L Bruce,L Bruce,L Bruce,Izaz Ali,0,0,0,0
2024-07-10,Croatia,Serbia,1439823,WAE Burton|WK Bitis|L Krvaric|MV Pavlovic|H Leko|V Zimonjic|DJ Turkich|N Davidovic|E Vukusic|A Dizija|A Mene-Ejegi,JM Vujinovich|L Krvaric|MV Pavlovic|AA Gajic|V Zimonjic|DJ Turkich|CP Turkich|LA Dunbar|E Vukusic|A Dizija|S Ivetic,ZXM Vukusic|MV Pavlovic|Luka Woods|S Tosic|P Nedeljkovic|V Zimonjic|DJ Turkich|LW Potthoff|M Grzinic|CP Turkich|LA Dunbar,3,5,0.2727272727272727,0.45454545454545453,0.15789473684210525,0.29411764705882354,237.0,324.0,664.0,427.0,340.0,E Vukusic,DJ Turkich,MV Pavlovic,L Krvaric,MV Pavlovic,DJ Turkich,0,0,0,0
2024-07-10,India,Zimbabwe,1420225,Ravi Bishnoi|Kuldeep Yadav|T Musekiwa|HH Pandya|MS Dhoni|Washington Sundar|AR Patel|Sikandar Raza|J Nkomo|BJ Bennett|K Ndlovu,Ravi Bishnoi|C Madande|LM Jongwe|RD Gaikwad|DB Sharma|SR Patil|B Muzarabani|HH Pandya|Washington Sundar|Sikandar Raza|BJ Bennett,C Madande|RD Gaikwad|WP Masakadza|B Muzarabani|YBK Jaiswal|Washington Sundar|Sikandar Raza|KK Ahmed|Avesh Khan|D Myers|Shubman Gill,2,5,0.18181818181818182,0.45454545454545453,0.1,0.29411764705882354,196.0,378.0,712.0,516.0,334.0,Sikandar Raza,Sikandar Raza,Shubman Gill,HH Pandya,BJ Bennett,D Myers,0,0,0,0
2024-07-10,Jersey,Belgium,1439821,A Merritt|F Khaliq|CW Perchard|Aziz Mohammad|B Ward|J Sumerauer|NA Greenwood|CM Greechan|NSK Mehta|A Raza|Khalid Ahmadi,D Dewald|CW Perchard|Aziz Mohammad|B Ward|JW Jenner|D Birrell|J Sumerauer|NA Greenwood|Sajad Ahmadzai|A Raza|Khalid Ahmadi,Muhammad Fahim|B Niaz|CW Perchard|Aziz Mohammad|B Ward|C Brennan|JW Jenner|D Birrell|AM Tribe|NA Greenwood|Khalid Ahmadi,5,7,0.45454545454545453,0.6363636363636364,0.29411764705882354,0.4666666666666667,474.0,632.0,796.0,322.0,164.0,NA Greenwood,NA Greenwood,B Ward,B Ward,B Ward,NA Greenwood,0,0,0,0
2024-07-11,Gibraltar,Sweden,1439825,IDM Latin|BA Pai|AIV Benatar|KJ Stagno|A Venkatesh|EAS Ferrary|Azam Khalil|Khalid Zahid|Hamid Mahmood|N Caruana|L Bruce,IDM Latin|BA Pai|KJ Stagno|S Bodha|L Bruce|Abdul Naser Baluch|K Mirpuri|Zaker Taqawi|Khalid Zahid|Saeed Ahmed|Hamid Mahmood,Imal Zuwak|KJ Ferrary|J Stanigze|Abdul Naser Baluch|A Mundra|Prashant Shukla|Abdur Rahman Sudais|C Pyle|Choudry Share Ali|Samiullah Rahmani|Hamid Mahmood,1,2,0.09090909090909091,0.18181818181818182,0.047619047619047616,0.1,86.0,155.0,584.0,498.0,429.0,BA Pai,BA Pai,KJ Ferrary,L Bruce,L Bruce,Imal Zuwak,0,0,0,0
2024-07-11,New Zealand,England,1398279,AE Satterthwaite|DL Maddy|AL Watkins|S Ecclestone|SFM Devine|AP Devcich|NR Sciver|RS Bopara|JC Buttler|NR Sciver-Brunt|AC Kerr,AE Jones|S Ecclestone|LMM Tahuhu|SFM Devine|LM Kasperek|S Glenn|SW Bates|DR Gibson|CE Dean|NR Sciver-Brunt|AC Kerr,L Filer|AE Jones|FC Jonas|SW Bates|S Ecclestone|SFM Devine|A Capsey|S Glenn|SIR Dunkley|FG Kemp|AC Kerr,3,6,0.2727272727272727,0.5454545454545454,0.15789473684210525,0.375,298.0,439.0,692.0,394.0,253.0,AC Kerr,AC Kerr,S Ecclestone,AL Watkins,NR Sciver-Brunt,A Capsey,0,0,0,0
2024-07-11,Norway,Germany,1439822,A Doddaballapur|Nazakat Ali|Hayatullah Niazi|J van Heerden|CM Gough|CAJ Meschede|Wahidullah Sahak|D Klein|Muslim Yar|Musaddiq Ahmed|Raza Iqbal,Sher Sahak|Qamar Mushtaque|Wahidullah Sahak|Vinay Ravi|Muslim Yar|Musaddiq Ahmed|Walid Ghauri|Khizer Ahmed|Raza Iqbal|Sajid Liaqat|Fayaz Khan,Sher Sahak|B Kohler-Cadmore|Zahid Zadran|Qamar Mushtaque|Ali Saleem|Muslim Yar|Musaddiq Ahmed|Walid Ghauri|Khizer Ahmed|Raza Iqbal|Fayaz Khan,3,8,0.2727272727272727,0.7272727272727273,0.15789473684210525,0.5714285714285714,202.0,792.0,891.0,689.0,99.0,CM Gough,Raza Iqbal,Fayaz Khan,CAJ Meschede,Musaddiq Ahmed,Sher Sahak,0,0,0,0
2024-07-13,Croatia,Switzerland,1439831,WK Bitis|L Krvaric|Faheem Nazir|H Leko|K Fletcher|DJ Turkich|Idrees Ul Haque|N Davidovic|CP Turkich|E Vukusic|Ali Nayyer,ZXM Vukusic|JM Vujinovich|Abdullah Rana|NK Aneesh Kumar|Faheem Nazir|K Fletcher|DJ Turkich|Idrees Ul Haque|CP Turkich|E Vukusic|Ali Nayyer,Ashwin Vinod|ZXM Vukusic|Arjun Vinod|PS Roberts|NK Aneesh Kumar|Faheem Nazir|K Fletcher|Idrees Ul Haque|Ahmed Hassan|CP Turkich|Ali Nayyer,5,7,0.45454545454545453,0.6363636363636364,0.29411764705882354,0.4666666666666667,216.0,346.0,490.0,274.0,144.0,E Vukusic,Faheem Nazir,K Fletcher,Faheem Nazir,DJ Turkich,Ahmed Hassan,0,0,0,0
2024-07-13,New Zealand,England,1398280,AE Satterthwaite|DL Maddy|AL Watkins|TG Southee|FL Mackay|AP Devcich|NR Sciver|RS Bopara|JC Buttler|NR Sciver-Brunt|AC Kerr,AE Jones|S Ecclestone|LMM Tahuhu|SFM Devine|LM Kasperek|S Glenn|SW Bates|CE Dean|FG Kemp|NR Sciver-Brunt|AC Kerr,EJ Carson|LCN Smith|IC Gaze|S Ecclestone|LMM Tahuhu|NR Sciver-Brunt|A Capsey|S Glenn|SIR Dunkley|DN Wyatt|DR Gibson,1,4,0.09090909090909091,0.36363636363636365,0.047619047619047616,0.2222222222222222,57.0,327.0,488.0,431.0,161.0,AL Watkins,AC Kerr,S Glenn,AC Kerr,NR Sciver-Brunt,S Ecclestone,0,0,0,0
2024-07-13,Norway,Gibraltar,1439830,Nazakat Ali|BA Pai|AIV Benatar|Sher Sahak|Hayatullah Niazi|KJ Stagno|S Bodha|EAS Ferrary|Raza Iqbal|N Caruana|L Bruce,BA Pai|Sher Sahak|KJ Stagno|KJ Ferrary|AJ Parmar|S Bodha|Wahidullah Sahak|Vinay Ravi|K Mirpuri|Raza Iqbal|L Bruce,BA Pai|Sher Sahak|KJ Stagno|KJ Ferrary|AJ Parmar|Mandeep Singh|Walid Ghauri|Khizer Ahmed|Wahidullah Sahak|JA Fitzgerald|L Bruce,4,7,0.36363636363636365,0.6363636363636364,0.2222222222222222,0.4666666666666667,209.0,539.0,708.0,499.0,169.0,BA Pai,BA Pai,Wahidullah Sahak,Raza Iqbal,Raza Iqbal,AJ Parmar,0,0,0,0
2024-07-13,Nigeria,Kenya,1442736,E Wachira|I Danladi|IA Karim|L Piety|SO Tikolo|Q Abel|L Udeh|S Wetoto|RR Patel|P Agboya|RG Aga,P Aho|SO Ngoche|L Piety|Vraj Patel|LN Oluoch|SA Okpe|S Singh|RR Patel|P Useni|Q Abel|P Koech,Mohameed Taiwo|I Uboh|RN Patel|Vraj Patel|N Mugabe|O Olaleye|SA Okpe|S Singh|RR Patel|P Useni|P Koech,1,6,0.09090909090909091,0.5454545454545454,0.047619047619047616,0.375,84.0,393.0,667.0,583.0,274.0,L Piety,SO Ngoche,P Koech,Q Abel,LN Oluoch,RN Patel,0,0,0,0
2024-07-14,Norway,Jersey,1439836,Nazakat Ali|A Merritt|Hayatullah Niazi|Sher Sahak|AJ Parmar|B Ward|AM Tribe|J Sumerauer|NA Greenwood|CM Greechan|Raza Iqbal,Sher Sahak|AJ Parmar|JW Jenner|B Ward|Qamar Mushtaque|Wahidullah Sahak|J Sumerauer|Vinay Ravi|AM Tribe|NA Greenwood|Raza Iqbal,H Carlyon|CW Perchard|B Ward|C Brennan|Qamar Mushtaque|D Birrell|Vinay Ravi|J Sumerauer|AM Tribe|NA Greenwood|Khizer Ahmed,4,6,0.36363636363636365,0.5454545454545454,0.2222222222222222,0.375,238.0,415.0,595.0,357.0,180.0,NA Greenwood,NA Greenwood,Vinay Ravi,B Ward,B Ward,B Ward,0,0,1,1
2024-07-14,Croatia,Germany,1439833,A Doddaballapur|WK Bitis|L Krvaric|J van Heerden|CM Gough|CAJ Meschede|D Klein|DJ Turkich|Musaddiq Ahmed|E Vukusic|Fayaz Khan,JM Vujinovich|H Singh|Ghulam Ahmadi|Sachin Mandy|Muslim Yar|DJ Turkich|Musaddiq Ahmed|M Grzinic|E Vukusic|Sajid Liaqat|Fayaz Khan,ZXM Vukusic|JM Vujinovich|B Kohler-Cadmore|H Singh|Sachin Mandy|V Ganesan|Adil Khan|V Aritharan|Muslim Yar|DJ Turkich|Musaddiq Ahmed,2,6,0.18181818181818182,0.5454545454545454,0.1,0.375,123.0,263.0,550.0,427.0,287.0,CM Gough,Musaddiq Ahmed,Musaddiq Ahmed,CAJ Meschede,DJ Turkich,V Ganesan,0,1,0,0
2024-07-14,Jersey,Guernsey,1442996,A Merritt|MWR Stokes|EJB Miles|B Ward|AM Tribe|J Sumerauer|NA Greenwood|CM Greechan|A Martel|ACF Stokes|W Peatfield,MWR Stokes|CW Perchard|JW Jenner|B Ward|AM Tribe|D Birrell|J Sumerauer|NA Greenwood|A Martel|LT Bichard|IDA Damarell,M Robinson|A Merritt|S Hanson|M Maguire|G Wetherall|C Jennings|K De La Mare|H Eulenkamp|F Copley|Rosie Davis|C Miles,1,0,0.09090909090909091,0.0,0.047619047619047616,0.0,130.0,0.0,778.0,648.0,778.0,NA Greenwood,NA Greenwood,M Robinson,B Ward,B Ward,A Merritt,0,0,0,0
2024-07-14,India,Zimbabwe,1420227,Ravi Bishnoi|RD Gaikwad|Abhishek Sharma|T Musekiwa|HH Pandya|MS Dhoni|Washington Sundar|Sikandar Raza|AR Patel|J Nkomo|K Ndlovu,Ravi Bishnoi|RD Gaikwad|DB Sharma|SV Samson|B Muzarabani|R Ngarava|YBK Jaiswal|Washington Sundar|Sikandar Raza|BJ Bennett|Abhishek Sharma,Mukesh Kumar|M Faraz Akram|B Muzarabani|S Dube|Washington Sundar|TU Deshpande|Sikandar Raza|SV Samson|T Marumani|D Myers|Abhishek Sharma,3,5,0.2727272727272727,0.45454545454545453,0.15789473684210525,0.29411764705882354,176.0,407.0,732.0,556.0,325.0,Sikandar Raza,Sikandar Raza,S Dube,HH Pandya,Washington Sundar,Mukesh Kumar,0,0,0,0
2024-07-15,Kenya,Nigeria,1442737,E Wachira|I Danladi|IA Karim|L Piety|SO Tikolo|Q Abel|L Udeh|S Wetoto|SA Okpe|RR Patel|RG Aga,SO Ngoche|L Piety|Sulaimon Runsewe|Vraj Patel|N Mugabe|LN Oluoch|SA Okpe|RR Patel|P Useni|Q Abel|P Koech,SR Bhudia|Selim Salau|VD Adewoye|SO Ngoche|Sulaimon Runsewe|F Mutua|O Olaleye|P Sharma|SA Okpe|GM Muthui|IO Okpe,1,3,0.09090909090909091,0.2727272727272727,0.047619047619047616,0.15789473684210525,79.0,270.0,656.0,577.0,386.0,L Piety,RR Patel,VD Adewoye,Q Abel,SO Ngoche,GM Muthui,0,0,0,0
2024-07-16,Nigeria,Kenya,1442738,E Wachira|I Danladi|IA Karim|L Piety|SO Tikolo|Q Abel|L Udeh|S Wetoto|RR Patel|P Useni|RG Aga,I Danladi|SO Ngoche|L Piety|RN Patel|Vraj Patel|LN Oluoch|SA Okpe|S Singh|RR Patel|P Useni|IO Okpe,SR Bhudia|Selim Salau|Mohameed Taiwo|Sulaimon Runsewe|C Udekwe|F Mutua|SA Okpe|S Singh|RR Patel|GM Muthui|IO Okpe,1,4,0.09090909090909091,0.36363636363636365,0.047619047619047616,0.2222222222222222,110.0,298.0,652.0,542.0,354.0,L Piety,RR Patel,Sulaimon Runsewe,Q Abel,P Useni,RR Patel,0,0,0,0
2024-07-17,Nigeria,Kenya,1442739,E Wachira|IA Karim|SO Ngoche|L Piety|SO Tikolo|Q Abel|L Udeh|S Wetoto|RR Patel|P Useni|IO Okpe,I Danladi|SO Ngoche|L Piety|Sulaimon Runsewe|RN Patel|LN Oluoch|SA Okpe|RR Patel|P Useni|IO Okpe|P Koech,Selim Salau|Mohameed Taiwo|I Danladi|SO Ngoche|C Udekwe|Sulaimon Runsewe|F Mutua|N Mugabe|S Singh|RR Patel|IO Okpe,3,5,0.2727272727272727,0.45454545454545453,0.15789473684210525,0.29411764705882354,202.0,386.0,712.0,510.0,326.0,L Piety,RR Patel,F Mutua,Q Abel,SO Ngoche,Mohameed Taiwo,0,0,0,0
2024-07-17,England,New Zealand,1398281,AE Satterthwaite|DL Maddy|AL Watkins|S Ecclestone|SFM Devine|FL Mackay|AP Devcich|NR Sciver|RS Bopara|JC Buttler|AC Kerr,AE Jones|JM Kerr|S Ecclestone|LMM Tahuhu|HC Knight|SFM Devine|A Capsey|S Glenn|SW Bates|NR Sciver-Brunt|AC Kerr,LK Bell|L Filer|EJ Carson|AE Jones|FC Jonas|HC Knight|BM Halliday|CE Dean|FG Kemp|JM Kerr|AC Kerr,1,4,0.09090909090909091,0.36363636363636365,0.047619047619047616,0.2222222222222222,93.0,336.0,669.0,576.0,333.0,AC Kerr,AC Kerr,FC Jonas,AL Watkins,SFM Devine,LK Bell,0,0,0,0
2024-07-19,United Arab Emirates,Nepal,1426756,Puja Mahato|RC Belbashi|Rohan Mustafa|SR Magar|KKN Egodage|CR Seneviratna|P Khadka|Sultan Ahmed|S Lamichhane|ER Oza|DS Airee,Puja Mahato|RC Belbashi|SR Magar|A Sharafu|KKN Egodage|H Hotchandani|Aasif Sheikh|Waseem Muhammad|ER Oza|Basil Hameed|DS Airee,RC Belbashi|K Marasini|K Kunwar|K Joshi|KKN Egodage|Khushi Sharma|L Keny|K Shrestha|Sabnam Rai|I Barma|Samjhana Khadka,2,2,0.18181818181818182,0.18181818181818182,0.1,0.1,190.0,213.0,612.0,422.0,399.0,RC Belbashi,ER Oza,I Barma,DS Airee,RC Belbashi,KKN Egodage,0,0,0,0
2024-07-19,Pakistan,India,1426757,Ravi Bishnoi|Usman Khan|Nida Dar|Mohammad Rizwan|Shaheen Shah Afridi|Asmavia Iqbal|HH Pandya|Babar Azam|Arafat Minhas|AR Patel|Abhishek Sharma,Ravi Bishnoi|Usman Khan|RD Gaikwad|RK Singh|Mohammad Rizwan|HH Pandya|YBK Jaiswal|Washington Sundar|Arafat Minhas|Haris Rauf|Abhishek Sharma,Syeda Aroob Shah|JI Rodrigues|S Mandhana|DB Sharma|SR Patil|Nida Dar|Renuka Singh|D Hemalatha|Muneeba Ali|P Vastrakar|Shafali Verma,1,0,0.09090909090909091,0.0,0.047619047619047616,0.0,12.0,0.0,559.0,547.0,559.0,HH Pandya,Abhishek Sharma,DB Sharma,Abhishek Sharma,Ravi Bishnoi,S Mandhana,0,0,0,0
2024-07-20,Thailand,Malaysia,1426758,J Coetzee|MK Thakur|Sasha Azmi|Z Hoque|WA Duraisingam|C Sutthiruang|Mas Elysa|T Putthawong|Mahirah Izzati Ismail|Virandeep Singh|Muhammad Amir,Robert Raina|J Coetzee|N Boochatham|MK Thakur|WA Duraisingam|Mas Elysa|T Putthawong|Mahirah Izzati Ismail|Virandeep Singh|AP Yadav|Muhammad Amir,O Kamchomphu|N Boochatham|Wan Julia|Aisya Eleesa|WA Duraisingam|P Maya|C Sutthiruang|T Putthawong|Mahirah Izzati Ismail|N Koncharoenkai|S Laomi,4,4,0.36363636363636365,0.36363636363636365,0.2222222222222222,0.2222222222222222,219.0,272.0,674.0,455.0,402.0,Virandeep Singh,Virandeep Singh,Mahirah Izzati Ismail,Mahirah Izzati Ismail,Mahirah Izzati Ismail,N Koncharoenkai,0,0,0,0
2024-07-20,Bangladesh,Sri Lanka,1426759,Shakib Al Hasan|PWH de Silva|WK Dilhari|HASD Siriwardene|Liton Das|KMDN Kulasekara|Taskin Ahmed|DM de Silva|AC Jayangani|Rishad Hossain|Mohammad Saifuddin,Shakib Al Hasan|Mustafizur Rahman|PWH de Silva|WK Dilhari|AD Mathews|Liton Das|Taskin Ahmed|DM de Silva|AC Jayangani|Rishad Hossain|Mohammad Saifuddin,Nigar Sultana|WK Dilhari|BMSM Kumari|RMVD Gunaratne|KDU Prabodhani|AC Jayangani|Nahida Akter|H Madavi|Shorna Akter|NND de Silva|SIP Fernando,2,2,0.18181818181818182,0.18181818181818182,0.1,0.1,91.0,91.0,617.0,526.0,526.0,AC Jayangani,AC Jayangani,Nahida Akter,Shakib Al Hasan,DM de Silva,RMVD Gunaratne,0,0,0,0
2024-07-21,India,United Arab Emirates,1426760,Rohan Mustafa|Ravi Bishnoi|KKN Egodage|CR Seneviratna|HH Pandya|Nisha Ali|Sultan Ahmed|AR Patel|ER Oza|Amjad Javed|Abhishek Sharma,Ravi Bishnoi|DB Sharma|H Hotchandani|KKN Egodage|RP Yadav|S Dharnidharka|RM Ghosh|Renuka Singh|ER Oza|P Vastrakar|Abhishek Sharma,DB Sharma|KKN Egodage|H Hotchandani|RP Yadav|RM Ghosh|S Dharnidharka|H Kaur|P Vastrakar|ER Oza|TP Kanwar|Shafali Verma,2,8,0.18181818181818182,0.7272727272727273,0.1,0.5714285714285714,150.0,551.0,732.0,582.0,181.0,ER Oza,ER Oza,RM Ghosh,CR Seneviratna,KKN Egodage,KKN Egodage,0,0,0,1
2024-07-22,Thailand,Bangladesh,1426763,Shakib Al Hasan|J Coetzee|N Boochatham|MK Thakur|Mahmudullah|Z Hoque|C Sutthiruang|Liton Das|Taskin Ahmed|T Putthawong|Mohammad Saifuddin,O Kamchomphu|Sultana Khatun|N Boochatham|S Laomi|Marufa Akter|Rabeya Khan|C Sutthiruang|T Putthawong|Nahida Akter|Nigar Sultana|Shorna Akter,S Chaturongrattana|Ishma Tanjim|N Boochatham|Murshida Khatun|Rabeya Khan|Ritu Moni|T Putthawong|Dilara Akter|Nahida Akter|Nigar Sultana|Sabikun Nahar Jesmin,2,5,0.18181818181818182,0.45454545454545453,0.1,0.29411764705882354,107.0,323.0,534.0,427.0,211.0,J Coetzee,N Boochatham,Rabeya Khan,Shakib Al Hasan,C Sutthiruang,Murshida Khatun,0,0,0,0
2024-07-22,Sri Lanka,Malaysia,1426762,PWH de Silva|WK Dilhari|AC Jayangani|HASD Siriwardene|WA Duraisingam|KMDN Kulasekara|Mas Elysa|DM de Silva|Mahirah Izzati Ismail|Virandeep Singh|Muhammad Amir,WGAKK Kulasuriya|WK Dilhari|Siow Tzin Yee|BMSM Kumari|Ainna Hamizah Hashim|AC Jayangani|KDU Prabodhani|WA Duraisingam|Mahirah Izzati Ismail|Virandeep Singh|SIP Fernando,K Kavindi|WK Dilhari|S Gimhani|Siow Tzin Yee|AC Jayangani|WA Duraisingam|S Nisansala|MAA Sanjeewani|Mahirah Izzati Ismail|KADA Kanchana|Suabika Manivannan,4,5,0.36363636363636365,0.45454545454545453,0.2222222222222222,0.29411764705882354,337.0,409.0,654.0,317.0,245.0,Virandeep Singh,AC Jayangani,AC Jayangani,AC Jayangani,Mahirah Izzati Ismail,S Gimhani,0,1,0,0
2024-07-23,India,Nepal,1426765,RC Belbashi|Ravi Bishnoi|SR Magar|K Bhurtel|HH Pandya|P Khadka|MS Dhoni|AR Patel|S Lamichhane|DS Airee|Abhishek Sharma,RC Belbashi|SR Magar|K Kunwar|Abhishek Sharma|DB Sharma|K Joshi|RM Ghosh|Renuka Singh|I Barma|P Vastrakar|Shafali Verma,RC Belbashi|JI Rodrigues|SR Magar|DB Sharma|K Joshi|RP Yadav|K Shrestha|Renuka Singh|D Hemalatha|A Reddy|Shafali Verma,2,6,0.18181818181818182,0.5454545454545454,0.1,0.375,108.0,459.0,655.0,547.0,196.0,RC Belbashi,RC Belbashi,Shafali Verma,DS Airee,SR Magar,DB Sharma,0,0,0,0
2024-07-24,Bangladesh,Malaysia,1426766,Mohammad Saifuddin|Shakib Al Hasan|Sasha Azmi|WA Duraisingam|Mahedi Hasan|Mas Elysa|Taskin Ahmed|Mahirah Izzati Ismail|Virandeep Singh|Rishad Hossain|Muhammad Amir,Marufa Akter|Ainna Hamizah Hashim|Rabeya Khan|Aisya Eleesa|Virandeep Singh|WA Duraisingam|Mas Elysa|Mahirah Izzati Ismail|Nahida Akter|Nigar Sultana|Shorna Akter,Mahirah Izzati Ismail|Siow Tzin Yee|Wan Julia|Murshida Khatun|Jahanara Alam|Rabeya Khan|Dilara Akter|Nahida Akter|Nigar Sultana|Shorna Akter|Suabika Manivannan,1,5,0.09090909090909091,0.45454545454545453,0.047619047619047616,0.29411764705882354,51.0,281.0,585.0,534.0,304.0,Virandeep Singh,WA Duraisingam,Murshida Khatun,Mas Elysa,Mahirah Izzati Ismail,Nigar Sultana,0,0,0,0
2024-07-26,Germany,Jersey,1444532,A Doddaballapur|J van Heerden|CM Gough|B Ward|AM Tribe|CAJ Meschede|D Klein|NA Greenwood|Musaddiq Ahmed|CM Greechan|Fayaz Khan,A Merritt|J van Heerden|CM Gough|JW Jenner|B Ward|AM Tribe|Muslim Yar|NA Greenwood|Musaddiq Ahmed|CM Greechan|Fayaz Khan,A Doddaballapur|A Merritt|A Bierwisch|F Tanguy|K Vijayaraghavan|M Maguire|S Sadarangani|JE Ronalds|L Greig|MS Beresford|A Kohli,1,1,0.09090909090909091,0.09090909090909091,0.047619047619047616,0.047619047619047616,100.0,59.0,628.0,528.0,569.0,NA Greenwood,NA Greenwood,JE Ronalds,Fayaz Khan,Fayaz Khan,A Doddaballapur,0,0,0,0
2024-07-26,Pakistan,Sri Lanka,1426769,Imad Wasim|Usman Khan|WK Dilhari|Nida Dar|Mohammad Rizwan|HASD Siriwardene|Asmavia Iqbal|Shaheen Shah Afridi|Arafat Minhas|AC Jayangani|DM de Silva,WK Dilhari|BMSM Kumari|Nida Dar|Sidra Ameen|Sadia Iqbal|KDU Prabodhani|AC Jayangani|Fatima Sana|Nashra Sandhu|Muneeba Ali|SIP Fernando,WK Dilhari|BMSM Kumari|Nida Dar|Sadia Iqbal|KDU Prabodhani|Umaima Sohail|Gull Feroza|MAA Sanjeewani|AC Jayangani|Fatima Sana|Muneeba Ali,3,8,0.2727272727272727,0.7272727272727273,0.15789473684210525,0.5714285714285714,223.0,535.0,632.0,409.0,97.0,Usman Khan,AC Jayangani,Sadia Iqbal,AC Jayangani,Nida Dar,AC Jayangani,0,0,1,0
2024-07-27,Italy,Germany,1444534,A Doddaballapur|EL Bartram|BAD Manenti|J van Heerden|CM Gough|CAJ Meschede|HJ Manenti|D Klein|G Stewart|Musaddiq Ahmed|Fayaz Khan,A Doddaballapur|EL Bartram|J van Heerden|S Sadarangani|Fayaz Khan|M Rathnayake|C Mahamalage|HJ Manenti|Musaddiq Ahmed|S Kolcharam|A Kohli,A Doddaballapur|EL Bartram|K Vijayaraghavan|N Asuramanage|CM Gough|C Mahamalage|EC Bargna|JE Ronalds|S Malwatta|Ilenia Sims|ST Frohnmayer,3,3,0.2727272727272727,0.2727272727272727,0.15789473684210525,0.15789473684210525,119.0,232.0,584.0,465.0,352.0,Fayaz Khan,A Doddaballapur,C Mahamalage,CM Gough,EL Bartram,JE Ronalds,0,0,0,0
2024-07-27,Italy,Jersey,1444536,EL Bartram|S di Bartolomeo|A Merritt|BAD Manenti|JW Jenner|B Ward|AM Tribe|HJ Manenti|G Stewart|NA Greenwood|CM Greechan,EL Bartram|A Merritt|B Ward|G Wetherall|C Mahamalage|HJ Manenti|AM Tribe|NA Greenwood|CM Greechan|E Gouge|S Kanankege,EL Bartram|A Merritt|F Tanguy|M Maguire|T Smith|D Nanayakkara|T Araliya|G Mallett|S Malwatta|CM Greechan|Ilenia Sims,3,3,0.2727272727272727,0.2727272727272727,0.15789473684210525,0.15789473684210525,227.0,254.0,656.0,429.0,402.0,NA Greenwood,EL Bartram,Ilenia Sims,HJ Manenti,NA Greenwood,EL Bartram,0,0,0,0
2024-07-27,India,Sri Lanka,1442987,Ravi Bishnoi|PWH de Silva|Kuldeep Yadav|WK Dilhari|HASD Siriwardene|HH Pandya|MS Dhoni|DM de Silva|AC Jayangani|AR Patel|Abhishek Sharma,S Mandhana|WK Dilhari|DB Sharma|BMSM Kumari|RP Yadav|KDU Prabodhani|RM Ghosh|Renuka Singh|AC Jayangani|P Vastrakar|SIP Fernando,PWH de Silva|SA Yadav|R Parag|BKG Mendis|P Nissanka|HH Pandya|YBK Jaiswal|AR Patel|M Pathirana|RR Pant|Shubman Gill,3,0,0.2727272727272727,0.0,0.15789473684210525,0.0,156.0,0.0,862.0,706.0,862.0,AC Jayangani,AC Jayangani,R Parag,HH Pandya,WK Dilhari,M Pathirana,0,0,0,0
2024-07-27,Germany,Jersey,1444535,A Doddaballapur|A Merritt|J van Heerden|CM Gough|B Ward|AM Tribe|CAJ Meschede|NA Greenwood|Musaddiq Ahmed|CM Greechan|Fayaz Khan,A Doddaballapur|A Merritt|J van Heerden|S Sadarangani|Fayaz Khan|G Wetherall|AM Tribe|NA Greenwood|S Kolcharam|CM Greechan|A Kohli,A Doddaballapur|A Merritt|F Tanguy|M Maguire|G Wetherall|JE Ronalds|G Mallett|CM Greechan|MS Beresford|ST Frohnmayer|C Miles,3,4,0.2727272727272727,0.36363636363636365,0.15789473684210525,0.2222222222222222,225.0,280.0,639.0,414.0,359.0,NA Greenwood,A Doddaballapur,G Mallett,Fayaz Khan,NA Greenwood,A Doddaballapur,0,0,0,0
2024-07-28,Italy,Germany,1444669,EL Bartram|BAD Manenti|J van Heerden|CM Gough|CAJ Meschede|HJ Manenti|D Klein|G Stewart|JE Ronalds|Musaddiq Ahmed|Fayaz Khan,A Doddaballapur|EL Bartram|K Vijayaraghavan|CM Gough|Fayaz Khan|C Mahamalage|HJ Manenti|JE Ronalds|Musaddiq Ahmed|Ilenia Sims|A Kohli,LM Sims|M Rathnayake|C Mahamalage|T Araliya|JE Ronalds|S Kolcharam|S Malwatta|Ilenia Sims|MS Beresford|S Kanankege|A Kohli,1,4,0.09090909090909091,0.36363636363636365,0.047619047619047616,0.2222222222222222,85.0,329.0,617.0,532.0,288.0,Fayaz Khan,CM Gough,A Kohli,CM Gough,JE Ronalds,S Malwatta,0,0,0,0
2024-07-28,Germany,Italy,1444537,EL Bartram|BAD Manenti|J van Heerden|CM Gough|CAJ Meschede|HJ Manenti|D Klein|G Stewart|JE Ronalds|Musaddiq Ahmed|Fayaz Khan,A Doddaballapur|EL Bartram|K Vijayaraghavan|CM Gough|Fayaz Khan|C Mahamalage|HJ Manenti|JE Ronalds|Musaddiq Ahmed|Ilenia Sims|A Kohli,A Doddaballapur|EL Bartram|K Peddrick|M Rathnayake|C Mahamalage|D Nanayakkara|EC Bargna|JE Ronalds|S Kolcharam|Ilenia Sims|ST Frohnmayer,2,5,0.18181818181818182,0.45454545454545453,0.1,0.29411764705882354,185.0,395.0,649.0,464.0,254.0,Fayaz Khan,CM Gough,EL Bartram,CM Gough,JE Ronalds,D Nanayakkara,0,0,0,0
2024-07-28,India,Sri Lanka,1426770,PWH de Silva|Kuldeep Yadav|WK Dilhari|DB Sharma|BKG Mendis|HASD Siriwardene|HH Pandya|DM de Silva|AC Jayangani|AR Patel|Abhishek Sharma,Ravi Bishnoi|PWH de Silva|WK Dilhari|SA Yadav|DB Sharma|RP Yadav|BKG Mendis|HH Pandya|YBK Jaiswal|AR Patel|AC Jayangani,JI Rodrigues|S Mandhana|WK Dilhari|DB Sharma|RMVD Gunaratne|KDU Prabodhani|RM Ghosh|AC Jayangani|H Madavi|S Nisansala|P Vastrakar,3,3,0.2727272727272727,0.2727272727272727,0.15789473684210525,0.15789473684210525,278.0,279.0,650.0,372.0,371.0,AC Jayangani,AC Jayangani,AC Jayangani,Abhishek Sharma,HH Pandya,WK Dilhari,1,1,0,0
2024-07-28,Sri Lanka,India,1442988,PWH de Silva|Kuldeep Yadav|WK Dilhari|DB Sharma|BKG Mendis|HASD Siriwardene|HH Pandya|DM de Silva|AC Jayangani|AR Patel|Abhishek Sharma,Ravi Bishnoi|PWH de Silva|WK Dilhari|SA Yadav|DB Sharma|RP Yadav|BKG Mendis|HH Pandya|YBK Jaiswal|AR Patel|AC Jayangani,Ravi Bishnoi|SA Yadav|Arshdeep Singh|P Nissanka|MDKJ Perera|HH Pandya|YBK Jaiswal|RR Pant|AR Patel|M Theekshana|PHKD Mendis,2,5,0.18181818181818182,0.45454545454545453,0.1,0.29411764705882354,168.0,350.0,580.0,412.0,230.0,AC Jayangani,AC Jayangani,Ravi Bishnoi,Abhishek Sharma,HH Pandya,MDKJ Perera,0,0,0,0
2024-08-02,Croatia,Spain,1444947,Uswa Syed|L Krvaric|Farzan Afzal|WK Bitis|Mohammad Kamran|Awais Ahmed|N Davidovic|NH Berejo|J Trembeath-Moro|E Vukusic|Yasir Ali,ZXM Vukusic|WK Bitis|L Krvaric|H Leko|Mohammad Ihsan|DJ Turkich|D Doyle-Calle|NH Berejo|LA Burns|E Vukusic|Yasir Ali,Saghar Manzoor|A Sathyan|LA Burns|Mohammad Atif|J Danikula|A Chaubey|Mohammad Ihsan|Hamza Dar|C Munoz-Mills|Yasir Ali|A Maheshwari,1,3,0.09090909090909091,0.2727272727272727,0.047619047619047616,0.15789473684210525,222.0,325.0,750.0,528.0,425.0,E Vukusic,E Vukusic,Yasir Ali,NH Berejo,Yasir Ali,A Chaubey,0,0,0,0
2024-08-03,Croatia,Spain,1444948,Uswa Syed|L Krvaric|Farzan Afzal|WK Bitis|Mohammad Kamran|Awais Ahmed|Hamza Dar|N Davidovic|NH Berejo|E Vukusic|Yasir Ali,L Krvaric|C Rumistrzewicz|Mohammad Ihsan|Shafat Ali Syed|DJ Turkich|Hamza Dar|A Shukla|Atif Mehmood|LA Burns|E Vukusic|Yasir Ali,S Houghton|Raja Adeel|V Pulibanti|J Danikula|Mohammad Ihsan|Shafat Ali Syed|Hamza Dar|Atif Mehmood|D Doyle-Calle|LA Burns|H Satheedevi,1,5,0.09090909090909091,0.45454545454545453,0.047619047619047616,0.29411764705882354,34.0,263.0,523.0,489.0,260.0,E Vukusic,Yasir Ali,Atif Mehmood,NH Berejo,LA Burns,LA Burns,0,0,0,1
2024-08-03,Croatia,Spain,1444949,Uswa Syed|L Krvaric|Farzan Afzal|WK Bitis|Mohammad Kamran|Awais Ahmed|Hamza Dar|N Davidovic|NH Berejo|E Vukusic|Yasir Ali,L Krvaric|C Rumistrzewicz|Mohammad Ihsan|Shafat Ali Syed|DJ Turkich|Hamza Dar|A Shukla|Atif Mehmood|LA Burns|E Vukusic|Yasir Ali,C Rumistrzewicz|Raja Adeel|J Danikula|Mohammad Ihsan|Hamza Dar|V Rathinasamy|D Doyle-Calle|Atif Mehmood|D Long Martinez|LA Burns|Yasir Ali,2,6,0.18181818181818182,0.5454545454545454,0.1,0.375,55.0,364.0,527.0,472.0,163.0,E Vukusic,Yasir Ali,C Rumistrzewicz,NH Berejo,LA Burns,LA Burns,0,0,0,1
2024-08-04,Spain,Croatia,1444951,Uswa Syed|L Krvaric|Farzan Afzal|WK Bitis|Mohammad Kamran|Awais Ahmed|H Satheedevi|Shafat Ali Syed|NH Berejo|E Vukusic|Yasir Ali,C Rumistrzewicz|Raja Adeel|J Danikula|A Chaubey|Mohammad Ihsan|Shafat Ali Syed|Atif Mehmood|LA Burns|E Vukusic|H Satheedevi|Yasir Ali,S Houghton|Mohammad Atif|J Danikula|Mohammad Ihsan|A Shukla|Hamza Dar|D Doyle-Calle|Atif Mehmood|D Long Martinez|H Satheedevi|Yasir Ali,2,5,0.18181818181818182,0.45454545454545453,0.1,0.29411764705882354,143.0,412.0,657.0,514.0,245.0,Yasir Ali,Yasir Ali,D Long Martinez,E Vukusic,Shafat Ali Syed,Hamza Dar,0,0,0,0
2024-08-04,Spain,Croatia,1444950,Uswa Syed|L Krvaric|Farzan Afzal|WK Bitis|Mohammad Kamran|Awais Ahmed|H Satheedevi|Shafat Ali Syed|NH Berejo|E Vukusic|Yasir Ali,C Rumistrzewicz|Raja Adeel|J Danikula|A Chaubey|Mohammad Ihsan|Shafat Ali Syed|Atif Mehmood|LA Burns|E Vukusic|H Satheedevi|Yasir Ali,Saghar Manzoor|Raja Adeel|J Danikula|Mohammad Ihsan|Hamza Dar|A Davidson Soler|V Rathinasamy|D Doyle-Calle|LA Burns|SJ Hughes-Pinan|A Maheshwari,0,4,0.0,0.36363636363636365,0.0,0.2222222222222222,17.0,308.0,744.0,727.0,436.0,Yasir Ali,Yasir Ali,SJ Hughes-Pinan,E Vukusic,Shafat Ali Syed,Hamza Dar,0,0,0,0
2024-08-11,Ireland,Sri Lanka,1430812,O Prendergast|PWH de Silva|WK Dilhari|MR Adair|EAJ Richardson|HASD Siriwardene|WB Rankin|DM de Silva|AC Jayangani|A Hunter|L Delany,O Prendergast|PWH de Silva|WK Dilhari|L Tucker|MR Adair|BKG Mendis|EAJ Richardson|MD Shanaka|DM de Silva|AC Jayangani|L Delany,O Prendergast|BMSM Kumari|GH Lewis|RMVD Gunaratne|KDU Prabodhani|MAA Sanjeewani|A Hunter|H Madavi|NND de Silva|L Delany|SIP Fernando,3,2,0.2727272727272727,0.18181818181818182,0.15789473684210525,0.1,148.0,115.0,577.0,429.0,462.0,L Delany,AC Jayangani,H Madavi,MR Adair,L Delany,SIP Fernando,0,0,0,0
2024-08-13,Ireland,Sri Lanka,1430813,O Prendergast|AN Kelly|WK Dilhari|MR Adair|EAJ Richardson|HASD Siriwardene|WB Rankin|DM de Silva|AC Jayangani|A Hunter|L Delany,O Prendergast|AN Kelly|WK Dilhari|BMSM Kumari|GH Lewis|A Canning|KDU Prabodhani|A Hunter|S Nisansala|L Delany|SIP Fernando,O Prendergast|WGAKK Kulasuriya|WK Dilhari|A Hunter|S Gimhani|GH Lewis|A Canning|J Maguire|H Madavi|FA Sargent|KADA Kanchana,3,5,0.2727272727272727,0.45454545454545453,0.15789473684210525,0.29411764705882354,219.0,442.0,742.0,523.0,300.0,L Delany,L Delany,GH Lewis,MR Adair,O Prendergast,O Prendergast,0,0,0,1
2024-08-15,Scotland,Papua New Guinea,1444550,SJ Bryce|A Vala|K Arua|RM Haq|BJ McMullen|S Jimmy|MA Leask|RV Scholes|A Nao|KE Bryce|N Vanua,A Vala|V Araa|K Arua|BJ McMullen|S Jimmy|MH Cross|A Nao|J Jarvis|KE Bryce|N Vanua|I Toua,V Araa|C Abel|DEM Carter|EL Watson|PA Chatterji|S Jimmy|B Tau|V Buruka|HJ Thomas|A Aitken-Drummond|O Bell,1,2,0.09090909090909091,0.18181818181818182,0.047619047619047616,0.1,61.0,112.0,745.0,684.0,633.0,KE Bryce,S Jimmy,C Abel,A Vala,KE Bryce,DEM Carter,0,0,0,0
2024-08-16,Scotland,Netherlands,1444551,SJ Bryce|BFW de Leede|Mudassar Bukhari|RM Haq|M Levitt|MA Leask|LV van Beek|MJG Rippon|RV Scholes|IJR Zwilling|KE Bryce,BFW de Leede|C Abel|DEM Carter|NM Sheikh|PA Chatterji|SL Kalis|IJR Zwilling|B de Leede|KE Bryce|AH Maqsood|O Bell,NM Sheikh|DEM Carter|C Abel|M McColl|PA Chatterji|SL Kalis|B de Leede|AS van Beuge|C de Lange|O Bell|EN Lynch,0,7,0.0,0.6363636363636364,0.0,0.4666666666666667,24.0,482.0,629.0,605.0,147.0,KE Bryce,IJR Zwilling,NM Sheikh,MJG Rippon,KE Bryce,DEM Carter,0,0,0,0
2024-08-19,Vanuatu,Fiji,1444955,S Ravoka|L Tastuki|JD Allan|N Navaika|SM Tupou|J Rasu|R Andrew|PV Vuniwaqa|S Solman|M Vua|PK Matautaava,AZ Shah|TL Cutler|N Navaika|D Wotu|M Beitaki|J Rasu|N Nipiko|R Andrew|PV Vuniwaqa|AL Stephen|A Sokovagone,JQK Moala|M Beitaki|J Cama|P Dakainivanua|W Nalisa|JP Kaltapau|N Nipiko|A Mansale|PV Vuniwaqa|W Wotu|P Kotoisuva,1,3,0.09090909090909091,0.2727272727272727,0.047619047619047616,0.15789473684210525,96.0,235.0,670.0,574.0,435.0,R Andrew,J Rasu,W Nalisa,PK Matautaava,PV Vuniwaqa,A Mansale,0,0,0,0
2024-08-19,Samoa,Cook Islands,1444954,CK Jasmat|SF Tiai|S Vaia|L Denny|LO Telea|M Kaukura|MTMMJ Ave|T Vanuarua|DP Michael|C Dickson|K Mataora,S Cotter|CK Jasmat|T Parima|SF Tiai|L Denny|D Visser|SM Nash|MTMMJ Ave|C Dickson|HB Dickson|K Mataora,OE Taylor|CK Jasmat|SF Tiai|L Denny|D Visser|A Ilaoa|MTMMJ Ave|C Dickson|HB Dickson|JL Tutty|A Parima,5,7,0.45454545454545453,0.6363636363636364,0.29411764705882354,0.4666666666666667,301.0,456.0,605.0,304.0,149.0,MTMMJ Ave,MTMMJ Ave,OE Taylor,L Denny,L Denny,C Dickson,0,0,0,0
2024-08-20,Fiji,Cook Islands,1444957,S Ravoka|M Beitaki|SM Tupou|S Vaia|L Denny|T Vanuarua|M Kaukura|MTMMJ Ave|HB Dickson|M Vua|T Ritawa,AZ Shah|M Beitaki|T Parima|L Denny|MTMMJ Ave|C Dickson|HB Dickson|PV Vuniwaqa|A Parima|A Sokovagone|T Ritawa,JQK Moala|OE Taylor|M Beitaki|S Tabuisulu|P Dakainivanua|L Denny|ST Yalimaiwai|C Dickson|PV Vuniwaqa|JL Tutty|A Sokovagone,2,5,0.18181818181818182,0.45454545454545453,0.1,0.29411764705882354,152.0,372.0,739.0,587.0,367.0,MTMMJ Ave,MTMMJ Ave,A Sokovagone,S Ravoka,L Denny,P Dakainivanua,0,0,0,0
2024-08-20,Samoa,Vanuatu,1444956,L Tastuki|JD Allan|N Navaika|CK Jasmat|SF Tiai|D Visser|J Rasu|DP Michael|R Andrew|N Nipiko|PK Matautaava,TL Cutler|CK Jasmat|SF Tiai|D Visser|A Ilaoa|SM Nash|J Rasu|SH Obed|N Nipiko|R Andrew|A Mansale,TL Cutler|D Wotu|SF Tiai|D Finau|D Visser|Noah Mead|A Ilaoa|J Rasu|N Nipiko|A Mansale|DE Burgess,4,7,0.36363636363636365,0.6363636363636364,0.2222222222222222,0.4666666666666667,559.0,767.0,1001.0,442.0,234.0,R Andrew,D Visser,D Visser,PK Matautaava,J Rasu,N Nipiko,0,1,0,0
2024-08-21,Spain,Cyprus,1443766,A Shahi|Uswa Syed|Farzan Afzal|Taranjit Singh|Mohammad Kamran|Awais Ahmed|I Chathurani|NH Berejo|LA Burns|CPPM Sadun|Gurpratap Singh,A Shahi|S Burdekin|Taranjit Singh|I Chathurani|Mohammad Ihsan|NK Tiwari|NH Berejo|LA Burns|CPPM Sadun|A Dirannehelage|Yasir Ali,V Khanduri|A Shahi|C Rumistrzewicz|R Mazumder|Raja Adeel|A Davidson Soler|D Doyle-Calle|B Mahesh|LA Burns|Yasir Ali|J Chialoufas,2,3,0.18181818181818182,0.2727272727272727,0.1,0.15789473684210525,199.0,292.0,744.0,545.0,452.0,I Chathurani,I Chathurani,A Davidson Soler,Gurpratap Singh,Taranjit Singh,Raja Adeel,0,0,0,0
2024-08-21,Bulgaria,Guernsey,1443767,Danyal Raja|M Robinson|MWR Stokes|Saim Hussain|H Lakov|Zeerak Chughtai|P Mishra|A Martel|ACF Stokes|W Peatfield|KC D'Souza,Danyal Raja|M Robinson|MWR Stokes|Firas Hussain|C Jennings|H Lakov|H Eulenkamp|Zeerak Chughtai|P Mishra|A Martel|IDA Damarell,B Fitchet|J Butler|MWR Stokes|T Nightingale|C Forshaw|M Dale-Bradley|D Mullen|A Martel|IDA Damarell|M Gogev|O Duff,2,3,0.18181818181818182,0.2727272727272727,0.1,0.15789473684210525,96.0,151.0,597.0,501.0,446.0,H Lakov,Zeerak Chughtai,M Dale-Bradley,KC D'Souza,P Mishra,D Mullen,0,0,0,0
2024-08-21,Hong Kong,Kuwait,1446771,KY Chan|M Hill|Ehsan Khan|Zeefa Jilani|Irfan Ahmed|Amna Tariq|Yasim Murtaza|Usman Patel|MNM Aslam|Maryam Omar|Aizaz Khan,KY Chan|M Hill|Ehsan Khan|Meet Bhavsar|Yasin Patel|Nizakat Khan|Amna Tariq|Yasim Murtaza|MNM Aslam|Maryam Omar|Aizaz Khan,Ehsan Khan|Meet Bhavsar|Ateeq Iqbal|Adnan Idrees|Yasin Patel|Babar Hayat|Nizakat Khan|Anshuman Rath|Yasim Murtaza|Bilal Tahir|CV Anto,2,5,0.18181818181818182,0.45454545454545453,0.1,0.29411764705882354,195.0,428.0,762.0,567.0,334.0,KY Chan,KY Chan,Adnan Idrees,M Hill,M Hill,Nizakat Khan,0,0,0,0
2024-08-21,Denmark,Czech Republic,1443768,S Wickramasekara|S Davizi|T Kolcunova|T Bharaj|ND Laegsgaard|Dylan Steyn|Saud Munir|A Ashokan|HAM Shah|K Gilham|SA Ahmad,S Wickramasekara|L Ostergaard|T Kolcunova|Riaz Afridi|T Bharaj|ND Laegsgaard|Saud Munir|A Ashokan|Surya Anand|HAM Shah|SA Ahmad,Sazib Bhuiyan|S Thanikaithasan|Abul Farhad|E Karimi|Riaz Afridi|T Bharaj|Dylan Steyn|Toqeer Ahmad|Delawar Khan|Surya Anand|HAM Shah,3,4,0.2727272727272727,0.36363636363636365,0.15789473684210525,0.2222222222222222,294.0,359.0,715.0,421.0,356.0,A Ashokan,A Ashokan,HAM Shah,S Wickramasekara,SA Ahmad,Toqeer Ahmad,0,0,0,0
2024-08-21,Vanuatu,Cook Islands,1444959,L Tastuki|N Navaika|L Denny|M Kaukura|J Rasu|MTMMJ Ave|C Dickson|N Nipiko|R Andrew|A Mansale|PK Matautaava,OE Taylor|TL Cutler|L Denny|J Rasu|W Nalisa|MTMMJ Ave|C Dickson|N Nipiko|A Mansale|JL Tutty|W Wotu,OE Taylor|TL Cutler|T Parima|L Denny|MTMMJ Ave|W Nalisa|N Nipiko|HB Dickson|JL Tutty|A Parima|C Tommy,3,7,0.2727272727272727,0.6363636363636364,0.15789473684210525,0.4666666666666667,280.0,544.0,640.0,360.0,96.0,N Nipiko,N Nipiko,OE Taylor,R Andrew,J Rasu,MTMMJ Ave,0,0,0,0
2024-08-21,Samoa,Fiji,1444958,S Ravoka|M Beitaki|SM Tupou|CK Jasmat|SF Tiai|D Visser|LO Telea|DP Michael|TS Waqavakatoga|PV Vuniwaqa|M Vua,JQK Moala|AZ Shah|M Beitaki|CK Jasmat|SF Tiai|P Dakainivanua|D Visser|SM Nash|TS Waqavakatoga|PV Vuniwaqa|A Sokovagone,S Cotter|M Beitaki|CK Jasmat|DE Roache|SF Tiai|D Visser|ST Yalimaiwai|SM Nash|PV Vuniwaqa|A Sokovagone|P Kotoisuva,5,7,0.45454545454545453,0.6363636363636364,0.29411764705882354,0.4666666666666667,504.0,596.0,776.0,272.0,180.0,SF Tiai,SF Tiai,D Visser,D Visser,D Visser,SF Tiai,0,0,0,0
2024-08-22,Kuwait,Malaysia,1446772,Zeefa Jilani|Adnan Idrees|Yasin Patel|WA Duraisingam|Amna Tariq|Mas Elysa|MNM Aslam|Mahirah Izzati Ismail|Maryam Omar|Virandeep Singh|Muhammad Amir,Meet Bhavsar|Adnan Idrees|Yasin Patel|Nimish Lathief|Virandeep Singh|Mas Elysa|MNM Aslam|Mahirah Izzati Ismail|R Sandaruwan|Mohamed Shafeeq|Muhammad Amir,Adnan Idrees|Rizwan Haider|Yasin Patel|Ahmed Aqeel|Pavandeep Singh|Khizar Hayat|Bilal Tahir|Syed Aziz|S Muniandy|MNM Aslam|Muhammad Amir,4,4,0.36363636363636365,0.36363636363636365,0.2222222222222222,0.2222222222222222,268.0,329.0,642.0,374.0,313.0,Virandeep Singh,Adnan Idrees,Pavandeep Singh,Mas Elysa,MNM Aslam,Syed Aziz,0,0,0,0
2024-08-22,Malta,Guernsey,1443772,Imran Ameer|MWR Stokes|A Rameshan|Zeeshan Khan|Waqas Ahmad|Fanyan Mughal|M Dale-Bradley|A Martel|IDA Damarell|S Cholasseri|VP Thamotharam,MWR Stokes|B Arora|J Shaju|A Rameshan|Zeeshan Khan|E Mathew|M Dale-Bradley|A Martel|LT Bichard|IDA Damarell|S Cholasseri,J Butler|B Fitchet|MWR Stokes|B Arora|C Forshaw|T Nightingale|Zeeshan Khan|M Dale-Bradley|A Martel|LT Bichard|IDA Damarell,5,7,0.45454545454545453,0.6363636363636364,0.29411764705882354,0.4666666666666667,245.0,343.0,608.0,363.0,265.0,VP Thamotharam,MWR Stokes,C Forshaw,Imran Ameer,A Rameshan,MWR Stokes,0,0,0,0
2024-08-22,Finland,Estonia,1443770,JOP Scamans|S Gooch|D Robson|A Vessik|Aditya Panwar|PF Gallagher|Sahil Chauhan|MB Tambe|Amjad Sher|Ali Masood|Habib Khan,JOP Scamans|L Sormus|S Gooch|VS Padhaal|Ali Masood|A Vessik|Sahil Chauhan|Amjad Sher|Akhil Arjunan|MB Tambe|NM Salonen,Faheem Nellancheri|JOP Scamans|S Gooch|Shayan Khan|VS Padhaal|Arslan Amjad|Raaz Mohammad|Ali Masood|Bilal Masud|NM Salonen|Habib Khan,4,5,0.36363636363636365,0.45454545454545453,0.2222222222222222,0.29411764705882354,351.0,394.0,631.0,280.0,237.0,Habib Khan,Amjad Sher,S Gooch,S Gooch,MB Tambe,NM Salonen,0,0,0,0
2024-08-22,Spain,Czech Republic,1443773,S Wickramasekara|Uswa Syed|Farzan Afzal|S Davizi|Mohammad Kamran|Awais Ahmed|T Kolcunova|NH Berejo|LA Burns|A Ashokan|Yasir Ali,S Davizi|C Rumistrzewicz|Sazib Bhuiyan|Mohammad Atif|Raja Adeel|Abul Farhad|Riaz Afridi|Mohammad Ihsan|Dylan Steyn|LA Burns|Yasir Ali,Sazib Bhuiyan|S Chaudhary|Abul Farhad|M Vandrasi|Mohammad Ihsan|S Grover|Shafat Ali Syed|A Davidson Soler|D Doyle-Calle|Dylan Steyn|Yasir Ali,1,5,0.09090909090909091,0.45454545454545453,0.047619047619047616,0.29411764705882354,101.0,435.0,800.0,699.0,365.0,A Ashokan,LA Burns,Sazib Bhuiyan,S Wickramasekara,Yasir Ali,D Doyle-Calle,0,0,0,0
2024-08-22,Denmark,Greece,1443771,A Makri|Aslam Mohammad|Alexandros Karvelas|S Georgota|ND Laegsgaard|Asrar Ahmed|NP Dalgaard|Saud Munir|G Fatouros|HAM Shah|SA Ahmad,E Karimi|T Bharaj|ND Laegsgaard|A Savvani|Delawar Khan|G Fatouros|Surya Anand|HAM Shah|M Syrioti|DS Vlachopoulou|SA Ahmad,Delawar Khan|C Bogdanos|GC Galanis|OD Hald|T Bharaj|Samader Shadab|Sajid Khan Afridi|Sinan Khan|Surya Anand|HAM Shah|SA Ahmad,2,5,0.18181818181818182,0.45454545454545453,0.1,0.29411764705882354,202.0,390.0,743.0,541.0,353.0,SA Ahmad,SA Ahmad,Sinan Khan,G Fatouros,HAM Shah,HAM Shah,0,0,0,1
2024-08-23,Samoa,Cook Islands,1444961,SF Tiai|S Vaia|D Visser|L Denny|M Kaukura|MTMMJ Ave|LO Telea|DP Michael|C Dickson|T Vanuarua|JL Tutty,OE Taylor|CK Jasmat|DE Roache|SF Tiai|D Visser|L Denny|MTMMJ Ave|C Dickson|HB Dickson|DE Burgess|JL Tutty,S Cotter|F Suluoto|OE Taylor|CK Jasmat|DE Roache|T Parima|D Visser|MTMMJ Ave|HB Dickson|JL Tutty|A Parima,3,7,0.2727272727272727,0.6363636363636364,0.15789473684210525,0.4666666666666667,109.0,412.0,648.0,539.0,236.0,D Visser,D Visser,T Parima,MTMMJ Ave,MTMMJ Ave,DE Roache,0,0,0,0
2024-08-23,Canada,Netherlands,1446761,PM Seelaar|BFW de Leede|H Thaker|Mudassar Bukhari|Amarpal Kaur|SL Kalis|LV van Beek|MJG Rippon|A Bagai|IJR Zwilling|D Saxena,S Siegers|H Thaker|Amarpal Kaur|F Overdijk|R Rijke|SL Kalis|Kaleem Sana|IJR Zwilling|B de Leede|C de Lange|D Saxena,H Thaker|Saad Bin Zafar|Vikramjit Singh|M Levitt|Kaleem Sana|MP O'Dowd|SA Edwards|NR Kirton|Ravinderpal Singh|K Klein|DT Doram,1,2,0.09090909090909091,0.18181818181818182,0.047619047619047616,0.1,53.0,88.0,644.0,591.0,556.0,D Saxena,IJR Zwilling,Vikramjit Singh,MJG Rippon,D Saxena,NR Kirton,0,0,0,0
2024-08-23,South Africa,West Indies,1433367,D van Niekerk|M Kapp|Q de Kock|ASS Fletcher|AK Markram|D Pretorius|HK Matthews|AB de Villiers|JO Holder|RL Chase|AD Russell,M Kapp|Q de Kock|N de Klerk|AK Markram|D Pretorius|HK Matthews|CL Tryon|R Shepherd|JO Holder|RL Chase|AD Russell,PE Kruger|A Athanaze|SD Hope|OEG Baartman|KT Maphaka|N Pooran|AJ Hosein|S Joseph|MW Forde|RL Chase|T Stubbs,1,1,0.09090909090909091,0.09090909090909091,0.047619047619047616,0.047619047619047616,41.0,64.0,713.0,672.0,649.0,HK Matthews,HK Matthews,N Pooran,D van Niekerk,RL Chase,T Stubbs,0,0,0,0
2024-08-23,Malaysia,Hong Kong,1446773,KY Chan|M Hill|Ehsan Khan|Irfan Ahmed|Tanwir Afzal|WA Duraisingam|Yasim Murtaza|Mas Elysa|Mahirah Izzati Ismail|Joyleen Kaur|Virandeep Singh,KY Chan|M Coetzee|Ehsan Khan|Ahmed Faiz|Ateeq Iqbal|Nizakat Khan|Pavandeep Singh|Yasim Murtaza|Syed Aziz|Virandeep Singh|Aizaz Khan,Ehsan Khan|Ateeq Iqbal|Ahmed Aqeel|Babar Hayat|Nizakat Khan|Khizar Hayat|Pavandeep Singh|Yasim Murtaza|Syed Aziz|Zeeshan Ali|Aizaz Khan,2,7,0.18181818181818182,0.6363636363636364,0.1,0.4666666666666667,182.0,412.0,559.0,377.0,147.0,KY Chan,Yasim Murtaza,Yasim Murtaza,Virandeep Singh,Aizaz Khan,Nizakat Khan,0,1,0,0
2024-08-23,Vanuatu,Fiji,1444960,S Ravoka|TL Cutler|M Beitaki|N Navaika|SM Tupou|J Rasu|TS Waqavakatoga|N Nipiko|R Andrew|A Mansale|PK Matautaava,JQK Moala|TL Cutler|M Beitaki|P Dakainivanua|ST Yalimaiwai|J Rasu|W Nalisa|TS Waqavakatoga|N Nipiko|A Mansale|PV Vuniwaqa,JQK Moala|M Beitaki|D Wotu|S Tabuisulu|P Dakainivanua|J Rasu|W Nalisa|JP Kaltapau|PV Vuniwaqa|W Wotu|A Sokovagone,2,6,0.18181818181818182,0.5454545454545454,0.1,0.375,165.0,515.0,708.0,543.0,193.0,R Andrew,N Nipiko,J Rasu,PK Matautaava,J Rasu,PV Vuniwaqa,0,0,0,0
2024-08-24,Greece,Cyprus,1443776,A Makri|A Shahi|Aslam Mohammad|S Burdekin|Taranjit Singh|I Chathurani|Alexandros Karvelas|MPGT Ketiyage|CPPM Sadun|G Fatouros|Gurpratap Singh,A Makri|A Shahi|Aslam Mohammad|S Burdekin|Taranjit Singh|AS Mehmi|I Chathurani|GC Galanis|MPGT Ketiyage|CPPM Sadun|J Chialoufas,V Khanduri|S Burdekin|Taranjit Singh|R Mazumder|S Austin|GC Galanis|MPGT Ketiyage|Samader Shadab|CPPM Sadun|SN Pathirana|J Chialoufas,4,6,0.36363636363636365,0.5454545454545454,0.2222222222222222,0.375,322.0,412.0,534.0,212.0,122.0,I Chathurani,Taranjit Singh,S Burdekin,Gurpratap Singh,MPGT Ketiyage,Taranjit Singh,0,0,0,0
2024-08-24,Samoa,Vanuatu,1444963,L Tastuki|JD Allan|N Navaika|SF Tiai|D Visser|LO Telea|J Rasu|DP Michael|R Andrew|N Nipiko|PK Matautaava,TL Cutler|CK Jasmat|SF Tiai|D Visser|SM Nash|J Rasu|W Nalisa|N Nipiko|R Andrew|A Mansale|C Tommy,S Cotter|CK Jasmat|D Wotu|SF Tiai|Noah Mead|D Visser|J Rasu|BA Viraliliu|W Nalisa|AL Stephen|C Tommy,3,6,0.2727272727272727,0.5454545454545454,0.15789473684210525,0.375,244.0,452.0,737.0,493.0,285.0,D Visser,D Visser,SF Tiai,R Andrew,N Nipiko,AL Stephen,0,0,0,0
2024-08-24,Hong Kong,Kuwait,1446774,KY Chan|M Hill|Zeefa Jilani|Adnan Idrees|Yasin Patel|Irfan Ahmed|Amna Tariq|Yasim Murtaza|Usman Patel|MNM Aslam|Maryam Omar,Ehsan Khan|Meet Bhavsar|Ateeq Iqbal|Adnan Idrees|Yasin Patel|Anshuman Rath|Yasim Murtaza|Mohamed Shafeeq|MNM Aslam|R Sandaruwan|Aizaz Khan,Ehsan Khan|Anas Khan|Yasin Patel|Nizakat Khan|Yasim Murtaza|Bilal Tahir|Mohamed Shafeeq|Shiraz Khan|CV Anto|R Sandaruwan|Usman Patel,3,5,0.2727272727272727,0.45454545454545453,0.15789473684210525,0.29411764705882354,186.0,464.0,723.0,537.0,259.0,KY Chan,Yasim Murtaza,Ehsan Khan,M Hill,MNM Aslam,Nizakat Khan,0,0,0,0
2024-08-24,Fiji,Cook Islands,1444962,S Ravoka|SM Tupou|S Vaia|L Denny|T Vanuarua|M Kaukura|MTMMJ Ave|C Dickson|PV Vuniwaqa|M Vua|JL Tutty,JQK Moala|OE Taylor|S Tabuisulu|L Denny|ST Yalimaiwai|MTMMJ Ave|C Dickson|TS Waqavakatoga|HB Dickson|PV Vuniwaqa|JL Tutty,JQK Moala|OE Taylor|S Tabuisulu|P Dakainivanua|L Denny|MTMMJ Ave|C Dickson|PV Vuniwaqa|A Parima|AJA Samuels|P Kotoisuva,4,7,0.36363636363636365,0.6363636363636364,0.2222222222222222,0.4666666666666667,370.0,599.0,806.0,436.0,207.0,S Ravoka,MTMMJ Ave,PV Vuniwaqa,M Kaukura,L Denny,JQK Moala,0,0,0,0
2024-08-24,Isle of Man,Greece,1447550,A Makri|Aslam Mohammad|G Burrows|Alexandros Karvelas|CJ Langford|S Georgota|GC Galanis|Asrar Ahmed|L Barnett|OJ Webster|G Fatouros,A Makri|Aslam Mohammad|G Burrows|AS Mehmi|GC Galanis|CJ Langford|Samader Shadab|L Barnett|S Vasilakis|Sajid Khan Afridi|OJ Webster,C Henery|C Perry|M Vervitsioti|R Webster|F Martin|K Carney|S Georgota|L Barnett|A Savvani|J Hicks|M Syrioti,2,1,0.18181818181818182,0.09090909090909091,0.1,0.047619047619047616,187.0,152.0,745.0,558.0,593.0,L Barnett,L Barnett,J Hicks,G Fatouros,Aslam Mohammad,L Barnett,0,0,0,0
2024-08-24,Finland,Guernsey,1443775,MWR Stokes|J Butler|PF Gallagher|IDA Damarell|M Dale-Bradley|Amjad Sher|MB Tambe|A Martel|ACF Stokes|LT Bichard|M Jenkinson,J Butler|MWR Stokes|C Forshaw|M Dale-Bradley|Amjad Sher|Akhil Arjunan|A Martel|MB Tambe|LT Bichard|IDA Damarell|NM Salonen,OB Nightingale|J Butler|JOP Scamans|C Forshaw|M Dale-Bradley|Raaz Mohammad|Atif Rasheed|Amjad Sher|MB Tambe|LT Bichard|NM Salonen,5,7,0.45454545454545453,0.6363636363636364,0.29411764705882354,0.4666666666666667,400.0,511.0,739.0,339.0,228.0,PF Gallagher,Amjad Sher,Raaz Mohammad,Amjad Sher,MWR Stokes,M Dale-Bradley,0,0,0,0
2024-08-25,Greece,Serbia,1447551,LA Dunbar|A Makri|MV Pavlovic|Luka Woods|Alexandros Karvelas|GC Galanis|Asrar Ahmed|S Gasteratos|Sajid Khan Afridi|G Fatouros|A Mene-Ejegi,A Makri|Aslam Mohammad|MV Pavlovic|Luka Woods|GC Galanis|Samader Shadab|S Vasilakis|Sajid Khan Afridi|Sinan Khan|A Mene-Ejegi|S Ivetic,A Makri|M Vervitsioti|A Argyropoulou|S Matijevic|S Georgota|N Nojic|A Savvani|S Simic|M Syrioti|DS Vlachopoulou|E Prokic,1,1,0.09090909090909091,0.09090909090909091,0.047619047619047616,0.047619047619047616,121.0,121.0,602.0,481.0,481.0,G Fatouros,Sajid Khan Afridi,A Makri,Luka Woods,GC Galanis,M Syrioti,0,0,0,0
2024-08-25,Greece,Isle of Man,1447553,A Makri|G Burrows|Alexandros Karvelas|CJ Langford|GC Galanis|Asrar Ahmed|L Barnett|S Gasteratos|Sajid Khan Afridi|OJ Webster|G Fatouros,C Henery|A Makri|Aslam Mohammad|GC Galanis|K Carney|Samader Shadab|L Barnett|Sinan Khan|S Vasilakis|Sajid Khan Afridi|OJ Webster,C Henery|C Perry|A Makri|A Argyropoulou|F Martin|K Carney|S Georgota|S Hassall|D Murphy|L Barnett|M Syrioti,2,4,0.18181818181818182,0.36363636363636365,0.1,0.2222222222222222,142.0,161.0,393.0,251.0,232.0,L Barnett,L Barnett,L Barnett,G Fatouros,Sajid Khan Afridi,M Syrioti,1,1,0,0
2024-08-25,Greece,Spain,1443781,Uswa Syed|Farzan Afzal|Awais Ahmed|Alexandros Karvelas|Hamza Dar|Asrar Ahmed|NH Berejo|LA Burns|Sajid Khan Afridi|G Fatouros|Yasir Ali,S Vasilakis|Raja Adeel|GC Galanis|Mohammad Ihsan|Hamza Dar|Samader Shadab|LA Burns|Sajid Khan Afridi|Sinan Khan|Yasir Ali|SJ Hughes-Pinan,C Rumistrzewicz|AS Mehmi|S Vasilakis|Mohammad Atif|Mohammad Ihsan|Hamza Dar|D Doyle-Calle|C Munoz-Mills|Sajid Khan Afridi|Yasir Ali|SJ Hughes-Pinan,3,6,0.2727272727272727,0.5454545454545454,0.15789473684210525,0.375,225.0,398.0,579.0,354.0,181.0,NH Berejo,Yasir Ali,Yasir Ali,G Fatouros,Sajid Khan Afridi,C Rumistrzewicz,0,1,0,0
2024-08-25,West Indies,South Africa,1433368,D van Niekerk|M Kapp|Q de Kock|ASS Fletcher|AK Markram|D Pretorius|HK Matthews|AB de Villiers|JO Holder|RL Chase|AD Russell,RR Hendricks|R Powell|AK Markram|OEG Baartman|N Pooran|AJ Hosein|HK Matthews|MW Forde|BC Fortuin|R Shepherd|RL Chase,PE Kruger|SE Rutherford|RR Hendricks|A Athanaze|SD Hope|R Powell|S Joseph|AJ Hosein|RD Rickelton|R Shepherd|LB Williams,0,4,0.0,0.36363636363636365,0.0,0.2222222222222222,36.0,429.0,706.0,670.0,277.0,HK Matthews,RL Chase,R Shepherd,D van Niekerk,AK Markram,S Joseph,0,0,0,0
2024-08-25,Kuwait,Malaysia,1446775,Adnan Idrees|Yasin Patel|WA Duraisingam|Amna Tariq|Shiraz Khan|Mas Elysa|MNM Aslam|Mahirah Izzati Ismail|Maryam Omar|Virandeep Singh|Muhammad Amir,Ahmed Faiz|Adnan Idrees|Yasin Patel|Khizar Hayat|Pavandeep Singh|Bilal Tahir|Shiraz Khan|Syed Aziz|MNM Aslam|Virandeep Singh|Muhammad Amir,Meet Bhavsar|Muhammad Umar|Adnan Idrees|Yasin Patel|Ahmed Aqeel|Ainool Hafizs|Khizar Hayat|Syed Aziz|S Muniandy|MNM Aslam|Usman Patel,3,5,0.2727272727272727,0.45454545454545453,0.15789473684210525,0.29411764705882354,269.0,470.0,802.0,533.0,332.0,Virandeep Singh,Yasin Patel,MNM Aslam,Mas Elysa,Muhammad Amir,Ahmed Aqeel,0,0,0,0
2024-08-25,Estonia,Guernsey,1443780,MWR Stokes|S Gooch|A Vessik|Aditya Panwar|IDA Damarell|Sahil Chauhan|Ali Masood|ACF Stokes|A Martel|Bilal Masud|Habib Khan,MWR Stokes|S Gooch|C Forshaw|D Robson|IDA Damarell|Sahil Chauhan|M Dale-Bradley|Ali Masood|A Martel|Bilal Masud|Habib Khan,J Butler|MWR Stokes|Harry Johnson|T Nightingale|C Forshaw|D Robson|IDA Damarell|Sahil Chauhan|LT Bichard|Bilal Masud|Habib Khan,5,7,0.45454545454545453,0.6363636363636364,0.29411764705882354,0.4666666666666667,265.0,381.0,628.0,363.0,247.0,S Gooch,S Gooch,Habib Khan,Habib Khan,Habib Khan,Harry Johnson,0,0,0,0
2024-08-25,Cyprus,Czech Republic,1443779,Divyendra Singh|A Shahi|S Wickramasekara|S Davizi|Taranjit Singh|I Chathurani|T Kolcunova|MPGT Ketiyage|Muhammad Shoaib Ahmed|A Ashokan|Gurpratap Singh,Divyendra Singh|A Shahi|S Davizi|Sazib Bhuiyan|Taranjit Singh|I Chathurani|Abul Farhad|MPGT Ketiyage|Naveed Ahmed|Dylan Steyn|CPPM Sadun,V Khanduri|Divyendra Singh|S Burdekin|Taranjit Singh|S Chaudhary|M Vandrasi|Rahat Ali|M Worndl|MPGT Ketiyage|Naveed Ahmed|CPPM Sadun,3,5,0.2727272727272727,0.45454545454545453,0.15789473684210525,0.29411764705882354,164.0,326.0,608.0,444.0,282.0,A Ashokan,Taranjit Singh,M Vandrasi,S Wickramasekara,MPGT Ketiyage,Naveed Ahmed,0,0,0,0
2024-08-26,Canada,Netherlands,1446764,BFW de Leede|H Thaker|Mudassar Bukhari|Saad Bin Zafar|Amarpal Kaur|SL Kalis|LV van Beek|MJG Rippon|A Bagai|IJR Zwilling|D Saxena,A Dutt|PA van Meekeren|H Thaker|A Johnson|Saad Bin Zafar|Kaleem Sana|JOA Gordon|SA Edwards|D Heyliger|DT Doram|D Saxena,PA van Meekeren|H Thaker|DT Doram|Saad Bin Zafar|Vikramjit Singh|NRJ Croes|Kaleem Sana|S Movva|D Heyliger|K Klein|Parveen Kumar,2,6,0.18181818181818182,0.5454545454545454,0.1,0.375,100.0,390.0,709.0,609.0,319.0,D Saxena,H Thaker,K Klein,MJG Rippon,Saad Bin Zafar,Parveen Kumar,0,0,0,0
2024-08-26,Hong Kong,Malaysia,1446776,KY Chan|M Hill|Ehsan Khan|Irfan Ahmed|Ahmed Aqeel|Tanwir Afzal|WA Duraisingam|Yasim Murtaza|Mas Elysa|Mahirah Izzati Ismail|Virandeep Singh,KY Chan|Ehsan Khan|Anas Khan|Ahmed Aqeel|Khizar Hayat|Pavandeep Singh|Yasim Murtaza|Syed Aziz|Virandeep Singh|Muhammad Amir|Aizaz Khan,Ehsan Khan|Ahmed Faiz|Zubaidi Zulkifle|Ahmed Aqeel|Babar Hayat|Nizakat Khan|Yasim Murtaza|Syed Aziz|S Muniandy|Zeeshan Ali|S Vijay Unni,3,4,0.2727272727272727,0.36363636363636365,0.15789473684210525,0.2222222222222222,225.0,382.0,663.0,438.0,281.0,KY Chan,Yasim Murtaza,Ehsan Khan,Virandeep Singh,Ahmed Aqeel,Syed Aziz,0,0,0,0
2024-08-27,Hong Kong,Kuwait,1446777,KY Chan|M Hill|Ehsan Khan|Meet Bhavsar|Zeefa Jilani|Adnan Idrees|Yasin Patel|Amna Tariq|Yasim Murtaza|Shiraz Khan|Maryam Omar,Ehsan Khan|Meet Bhavsar|Adnan Idrees|Yasin Patel|Nizakat Khan|Anshuman Rath|Yasim Murtaza|Shiraz Khan|Mohamed Shafeeq|MNM Aslam|Aizaz Khan,Meet Bhavsar|Muhammad Umar|Yasin Patel|Nizakat Khan|Yasim Murtaza|Shiraz Khan|Mohamed Shafeeq|Usman Patel|CV Anto|R Sandaruwan|Zeeshan Ali,4,6,0.36363636363636365,0.5454545454545454,0.2222222222222222,0.375,201.0,328.0,584.0,383.0,256.0,KY Chan,Yasim Murtaza,R Sandaruwan,M Hill,Yasin Patel,Nizakat Khan,0,0,0,0
2024-08-27,Denmark,Cyprus,1443782,L Ostergaard|Taranjit Singh|I Chathurani|T Bharaj|ND Laegsgaard|MPGT Ketiyage|Saud Munir|CPPM Sadun|HAM Shah|Gurpratap Singh|SA Ahmad,A Shahi|S Burdekin|Taranjit Singh|S Austin|E Karimi|T Bharaj|ND Laegsgaard|MPGT Ketiyage|CPPM Sadun|HAM Shah|SA Ahmad,V Khanduri|S Burdekin|Taranjit Singh|HAM Shah|OD Hald|J Chialoufas|Toqeer Ahmad|Delawar Khan|Surya Anand|T Bharaj|SA Ahmad,4,5,0.36363636363636365,0.45454545454545453,0.2222222222222222,0.29411764705882354,347.0,439.0,632.0,285.0,193.0,SA Ahmad,SA Ahmad,HAM Shah,I Chathurani,Taranjit Singh,T Bharaj,0,0,0,0
2024-08-27,South Africa,West Indies,1433369,D van Niekerk|M Kapp|Q de Kock|RR Hendricks|AB de Villiers|D Pretorius|HK Matthews|R Shepherd|JO Holder|RL Chase|AD Russell,PE Kruger|RR Hendricks|FA Allen|AK Markram|N Pooran|AJ Hosein|HK Matthews|MW Forde|R Shepherd|RL Chase|LB Williams,SO Hetmyer|A Athanaze|SD Hope|AK Markram|N Pooran|AJ Hosein|MW Forde|RD Rickelton|R Shepherd|RL Chase|T Stubbs,2,6,0.18181818181818182,0.5454545454545454,0.1,0.375,73.0,279.0,467.0,394.0,188.0,HK Matthews,RL Chase,N Pooran,D van Niekerk,R Shepherd,T Stubbs,0,0,0,0
2024-08-27,United States of America,Canada,1446765,AS Hansra|H Thaker|Saad Bin Zafar|RP Singh|Amarpal Kaur|HS Baidwan|J Theron|Harmeet Singh|H Patel|MD Patel|D Saxena,J Drysdale|H Thaker|Saad Bin Zafar|D Heyliger|SC van Schalkwyk|Jasdeep Singh|Kaleem Sana|Harmeet Singh|NR Kirton|MD Patel|D Saxena,H Thaker|Saad Bin Zafar|DS Bajwa|S Movva|Harmeet Singh|NP Kenjige|D Heyliger|Aaron Jones|MD Patel|SR Mukkamalla|SC van Schalkwyk,4,6,0.36363636363636365,0.5454545454545454,0.2222222222222222,0.375,232.0,425.0,740.0,508.0,315.0,D Saxena,H Thaker,Saad Bin Zafar,H Thaker,Saad Bin Zafar,DS Bajwa,0,0,0,0
2024-08-27,Czech Republic,Greece,1443784,A Makri|S Wickramasekara|S Davizi|Sazib Bhuiyan|A Ashokan|Alexandros Karvelas|M Vandrasi|S Georgota|Asrar Ahmed|G Fatouros|M Syrioti,A Makri|S Davizi|Sazib Bhuiyan|M Vandrasi|GC Galanis|S Georgota|Samader Shadab|A Savvani|Dylan Steyn|A Ashokan|M Syrioti,Divyendra Singh|Aslam Mohammad|Sazib Bhuiyan|AS Mehmi|Muhammad Tahir|M Vandrasi|GC Galanis|Rahat Ali|Naveed Ahmed|Ritik Tomar|Sajid Khan Afridi,2,3,0.18181818181818182,0.2727272727272727,0.1,0.15789473684210525,256.0,332.0,724.0,468.0,392.0,A Ashokan,M Vandrasi,M Vandrasi,S Wickramasekara,S Georgota,Sazib Bhuiyan,0,1,0,0
2024-08-27,Malta,Estonia,1443785,Imran Ameer|S Gooch|A Rameshan|HS Gericke|Aditya Panwar|Waqas Ahmad|Fanyan Mughal|Habib Khan|Bilal Masud|S Cholasseri|VP Thamotharam,B Arora|S Gooch|J Shaju|M Vaik|A Rameshan|D Robson|Sahil Chauhan|Ali Masood|Bilal Masud|S Cholasseri|Habib Khan,K Vislapuu|J Shaju|S Gooch|D Robson|Jaspal Singh|E Mathew|Sahil Chauhan|P Gheewala|C Sudarsanan|Bilal Masud|Habib Khan,3,6,0.2727272727272727,0.5454545454545454,0.15789473684210525,0.375,255.0,419.0,635.0,380.0,216.0,S Gooch,S Gooch,Habib Khan,VP Thamotharam,Bilal Masud,E Mathew,0,0,0,0
2024-08-28,Cyprus,Malta,1443787,S Burdekin|Taranjit Singh|A Rameshan|HS Gericke|I Chathurani|Jaspal Singh|Waqas Ahmad|MPGT Ketiyage|CPPM Sadun|Gurpratap Singh|VP Thamotharam,S Burdekin|B Arora|Taranjit Singh|J Shaju|Zeeshan Khan|Jaspal Singh|E Mathew|MPGT Ketiyage|C Sudarsanan|CPPM Sadun|VP Thamotharam,Jaswinder Singh|S Burdekin|S Austin|J Shaju|Jaspal Singh|E Mathew|MPGT Ketiyage|DR Patankar|C Sudarsanan|CPPM Sadun|R Dianish,4,7,0.36363636363636365,0.6363636363636364,0.2222222222222222,0.4666666666666667,358.0,530.0,753.0,395.0,223.0,VP Thamotharam,Taranjit Singh,S Burdekin,I Chathurani,CPPM Sadun,R Dianish,0,0,0,0
2024-08-28,Czech Republic,Estonia,1443788,Divyendra Singh|S Wickramasekara|S Davizi|S Gooch|A Vessik|T Kolcunova|M Vandrasi|Sahil Chauhan|A Ashokan|Bilal Masud|Habib Khan,Divyendra Singh|Sazib Bhuiyan|S Gooch|D Robson|M Vandrasi|Sahil Chauhan|Naveed Ahmed|Ali Masood|A Ashokan|Bilal Masud|Habib Khan,Divyendra Singh|R Sekaran|Sazib Bhuiyan|S Gooch|D Robson|M Vandrasi|Rahat Ali|Sahil Chauhan|P Gheewala|Bilal Masud|Habib Khan,6,8,0.5454545454545454,0.7272727272727273,0.375,0.5714285714285714,424.0,547.0,694.0,270.0,147.0,A Ashokan,S Gooch,Bilal Masud,S Wickramasekara,Habib Khan,P Gheewala,0,0,0,0
2024-08-28,Netherlands,United States of America,1446766,PM Seelaar|BFW de Leede|Mudassar Bukhari|RP Singh|Vikramjit Singh|LV van Beek|MJG Rippon|J Theron|Harmeet Singh|IJR Zwilling|MD Patel,J Drysdale|PA van Meekeren|ZB Lion-Cachet|BD Glover|Vikramjit Singh|M Levitt|Jasdeep Singh|IJR Zwilling|Harmeet Singh|MD Patel|SC van Schalkwyk,A Dutt|ZB Lion-Cachet|R Klein|Jasdeep Singh|AGS Gous|MP O'Dowd|Harmeet Singh|K Klein|MD Patel|SR Mukkamalla|DT Doram,2,4,0.18181818181818182,0.36363636363636365,0.1,0.2222222222222222,181.0,373.0,731.0,550.0,358.0,MJG Rippon,Harmeet Singh,Harmeet Singh,BFW de Leede,Vikramjit Singh,AGS Gous,0,1,0,0
2024-08-28,Denmark,Guernsey,1443789,J Butler|MWR Stokes|ND Laegsgaard|M Dale-Bradley|Saud Munir|Delawar Khan|ACF Stokes|W Peatfield|HAM Shah|IDA Damarell|SA Ahmad,MWR Stokes|J Butler|OD Hald|ND Laegsgaard|M Dale-Bradley|Delawar Khan|LT Bichard|Surya Anand|HAM Shah|IDA Damarell|SA Ahmad,MWR Stokes|J Butler|T Nightingale|C Forshaw|OD Hald|ND Laegsgaard|M Dale-Bradley|LT Bichard|Surya Anand|HAM Shah|IDA Damarell,6,9,0.5454545454545454,0.8181818181818182,0.375,0.6923076923076923,453.0,587.0,664.0,211.0,77.0,SA Ahmad,SA Ahmad,ND Laegsgaard,ND Laegsgaard,ND Laegsgaard,MWR Stokes,0,0,0,0
2024-08-28,Spain,Finland,1443786,Uswa Syed|Farzan Afzal|Mohammad Kamran|Awais Ahmed|PF Gallagher|D Doyle-Calle|NH Berejo|Amjad Sher|MB Tambe|Yasir Ali|NM Salonen,C Rumistrzewicz|Mohammad Atif|Mohammad Ihsan|D Doyle-Calle|Raaz Mohammad|Amjad Sher|LA Burns|MB Tambe|Yasir Ali|SJ Hughes-Pinan|NM Salonen,C Rumistrzewicz|Ziaur Rehman|Muhammad Yasin|Raja Adeel|Mohammad Ihsan|Hamza Dar|Ghulam Abbas Butt|Akhil Arjunan|MB Tambe|Yasir Ali|NM Salonen,3,5,0.2727272727272727,0.45454545454545453,0.15789473684210525,0.29411764705882354,285.0,531.0,700.0,415.0,169.0,NH Berejo,Yasir Ali,C Rumistrzewicz,Uswa Syed,Amjad Sher,NM Salonen,0,0,0,0
2024-08-30,Malaysia,Maldives,1447477,Umar Adam|Ahmed Aqeel|Khizar Hayat|MNR Cooray|WA Duraisingam|Azyan Farhath|Syed Aziz|Mas Elysa|Mahirah Izzati Ismail|Virandeep Singh|Ibrahim Hassan,Umar Adam|Ibrahim Rizan|Ahmed Aqeel|Khizar Hayat|Pavandeep Singh|Azyan Farhath|Syed Aziz|S Vijay Unni|Virandeep Singh|Muhammad Amir|Ibrahim Hassan,Shunan Ali|Rizwan Haider|Umar Adam|Zubaidi Zulkifle|Ahmed Aqeel|GPK Wijesingha|Azyan Farhath|Syed Aziz|S Muniandy|Virandeep Singh|Ibrahim Hassan,6,6,0.5454545454545454,0.5454545454545454,0.375,0.375,410.0,457.0,658.0,248.0,201.0,Virandeep Singh,Ahmed Aqeel,Syed Aziz,Umar Adam,Syed Aziz,Zubaidi Zulkifle,0,0,0,0
2024-08-30,Kuwait,Mongolia,1447479,Zeefa Jilani|Adnan Idrees|Yasin Patel|M Enkhzul|Amna Tariq|L Erdenebulgan|Usman Patel|MNM Aslam|Maryam Omar|T Ariuntsetseg|M Vivekanandan,Adnan Idrees|Yasin Patel|O Lutbayar|L Erdenebulgan|Shiraz Khan|Mohamed Shafeeq|MNM Aslam|Usman Patel|R Sandaruwan|T Ariuntsetseg|M Vivekanandan,T Tumursukh|Yasin Patel|Nawaf Ahmed|L Erdenebulgan|Shiraz Khan|T Amarmend|MNM Aslam|CV Anto|R Sandaruwan|Usman Patel|M Vivekanandan,5,7,0.45454545454545453,0.6363636363636364,0.29411764705882354,0.4666666666666667,249.0,478.0,749.0,500.0,271.0,Maryam Omar,Yasin Patel,CV Anto,Yasin Patel,MNM Aslam,MNM Aslam,0,0,0,1
2024-08-31,Singapore,Maldives,1447480,Janak Prakash|H Bharadwaj|Shafina Mahesh|GK Diviya|Umar Adam|R Kalimuthu|MNR Cooray|Azyan Farhath|AE Paraam|Ibrahim Hassan|U Aryaman Sunil,Janak Prakash|L Shafeeg|GK Diviya|Umar Adam|Mohamed Shiyam|Ibrahim Rizan|GPK Wijesingha|Azyan Farhath|AE Paraam|Ibrahim Hassan|Shafina Mahesh,Janak Prakash|Shunan Ali|A Kaul|L Shafeeg|Mohamed Shiyam|Umar Adam|R Kalimuthu|Ibrahim Hassan|Manpreet Singh|S Chandramohan|WA Simpson,4,5,0.36363636363636365,0.45454545454545453,0.2222222222222222,0.29411764705882354,307.0,382.0,679.0,372.0,297.0,Umar Adam,Umar Adam,Janak Prakash,AE Paraam,Ibrahim Hassan,A Kaul,0,0,0,0
2024-08-31,Myanmar,Malaysia,1447481,TT Soe|Ahmed Aqeel|Khizar Hayat|ZT Kyaw|LL Htun|WA Duraisingam|Syed Aziz|Mas Elysa|Mahirah Izzati Ismail|Virandeep Singh|Paing Danu,KK Lin Thu|Ahmed Aqeel|Khizar Hayat|Pavandeep Singh|H Lin Aung|Syed Aziz|S Vijay Unni|Virandeep Singh|Thuya Aung|Muhammad Amir|Paing Danu,Khin Aye|Aslam Khan|Ahmed Aqeel|Pavandeep Singh|Syed Aziz|S Muniandy|Pyae Phyo Wai|S Vijay Unni|Virandeep Singh|Thuya Aung|Muhammad Amir,3,7,0.2727272727272727,0.6363636363636364,0.15789473684210525,0.4666666666666667,158.0,311.0,519.0,361.0,208.0,Virandeep Singh,Virandeep Singh,Pyae Phyo Wai,Syed Aziz,Syed Aziz,S Muniandy,0,0,0,0
2024-09-02,Kuwait,Maldives,1447484,Meet Bhavsar|Adnan Idrees|Umar Adam|Yasin Patel|MNR Cooray|Azyan Farhath|Amna Tariq|Shiraz Khan|MNM Aslam|Maryam Omar|Ibrahim Hassan,Meet Bhavsar|L Shafeeg|Adnan Idrees|Umar Adam|Yasin Patel|Ibrahim Rizan|Ilyas Ahmed|Azyan Farhath|Shiraz Khan|MNM Aslam|Ibrahim Hassan,Muhammad Umar|Adnan Idrees|Mohamed Azzam|Umar Adam|Yasin Patel|Azyan Farhath|Usman Patel|MNM Aslam|CV Anto|Mohamed Shafeeq|Ibrahim Hassan,6,6,0.5454545454545454,0.5454545454545454,0.375,0.375,417.0,429.0,698.0,281.0,269.0,Umar Adam,Umar Adam,Usman Patel,Maryam Omar,Yasin Patel,MNM Aslam,0,0,0,0
2024-09-02,Hong Kong,Singapore,1447483,KY Chan|Janak Prakash|M Hill|Ehsan Khan|GK Diviya|Irfan Ahmed|Nizakat Khan|Tanwir Afzal|Yasim Murtaza|AE Paraam|Shafina Mahesh,KY Chan|Janak Prakash|Ehsan Khan|H Bharadwaj|Anas Khan|S Chandramohan|Nizakat Khan|R Kalimuthu|Yasim Murtaza|Manpreet Singh|AE Paraam,Ehsan Khan|Janak Prakash|Babar Hayat|Nizakat Khan|AR Puri|R Kalimuthu|Aritra Dutta|Zeeshan Ali|Manpreet Singh|S Chandramohan|Aizaz Khan,3,6,0.2727272727272727,0.5454545454545454,0.15789473684210525,0.375,251.0,426.0,626.0,375.0,200.0,KY Chan,Yasim Murtaza,Zeeshan Ali,AE Paraam,Janak Prakash,Ehsan Khan,0,0,0,0
2024-09-02,Myanmar,Mongolia,1447485,AE Moe|Paing Danu|TT Soe|M Enkhzul|ZT Kyaw|O Lutbayar|LL Htun|T Amarmend|Y Naing Tun|T Ariuntsetseg|Zon Lin,T Tumursukh|Paing Danu|KK Lin Thu|D Jamyansuren|O Lutbayar|T Amarmend|H Lin Aung|L Erdenebulgan|Z Shurentsetseg|Y Naing Tun|M Vivekanandan,Aung Ko Ko|T Tumursukh|Khin Aye|Paing Danu|T Amarmend|H Lin Aung|L Erdenebulgan|Pyae Phyo Wai|Y Naing Tun|Thuya Aung|M Vivekanandan,3,7,0.2727272727272727,0.6363636363636364,0.15789473684210525,0.4666666666666667,110.0,346.0,636.0,526.0,290.0,ZT Kyaw,T Amarmend,Thuya Aung,TT Soe,O Lutbayar,Khin Aye,0,0,0,0
2024-09-03,Malaysia,Singapore,1447488,Janak Prakash|GK Diviya|Ahmed Aqeel|Khizar Hayat|WA Duraisingam|Syed Aziz|Mas Elysa|Mahirah Izzati Ismail|Virandeep Singh|AE Paraam|U Aryaman Sunil,Janak Prakash|H Bharadwaj|Ahmed Aqeel|R Kalimuthu|AR Puri|Syed Aziz|S Muniandy|S Vijay Unni|Virandeep Singh|AE Paraam|Muhammad Amir,Janak Prakash|Ahmed Faiz|Rizwan Haider|Ahmed Aqeel|R Kalimuthu|Pavandeep Singh|Syed Aziz|Aritra Dutta|Manpreet Singh|Virandeep Singh|AE Paraam,5,6,0.45454545454545453,0.5454545454545454,0.29411764705882354,0.375,439.0,567.0,810.0,371.0,243.0,Virandeep Singh,Virandeep Singh,AE Paraam,Syed Aziz,Syed Aziz,Pavandeep Singh,0,0,0,0
2024-09-03,Myanmar,Kuwait,1447487,Meet Bhavsar|Zeefa Jilani|Yasin Patel|TT Soe|ZT Kyaw|LL Htun|Amna Tariq|Shiraz Khan|Pyae Phyo Wai|MNM Aslam|Maryam Omar,Meet Bhavsar|Adnan Idrees|Yasin Patel|ZT Kyaw|Shiraz Khan|Pyae Phyo Wai|MNM Aslam|Mohamed Shafeeq|R Sandaruwan|Thuya Aung|Paing Danu,Meet Bhavsar|Adnan Idrees|Yasin Patel|KK Lin Thu|Shiraz Khan|Pyae Phyo Wai|Mohamed Shafeeq|CV Anto|R Sandaruwan|Usman Patel|Paing Danu,4,8,0.36363636363636365,0.7272727272727273,0.2222222222222222,0.5714285714285714,190.0,371.0,419.0,229.0,48.0,MNM Aslam,MNM Aslam,Yasin Patel,Maryam Omar,Shiraz Khan,Adnan Idrees,0,0,0,0
2024-09-04,Scotland,Australia,1440463,SR Watson|RM Haq|DEM Carter|LC Sthalekar|PA Chatterji|AJ Finch|AC Agar|AJ Healy|KE Bryce|A Symonds|C Green,A Gardner|EA Perry|DEM Carter|GJ Maxwell|PA Chatterji|KJ Garth|MA Leask|AC Agar|AJ Healy|KE Bryce|MP Stoinis,MRJ Watt|A Zampa|BJ McMullen|XC Bartlett|TM Head|HG Munsey|SA Abbott|JP Inglis|MP Stoinis|MR Marsh|C Green,1,1,0.09090909090909091,0.09090909090909091,0.047619047619047616,0.047619047619047616,39.0,51.0,691.0,652.0,640.0,KE Bryce,KE Bryce,TM Head,SR Watson,A Gardner,MR Marsh,0,0,0,0
2024-09-05,Malaysia,Kuwait,1447489,Zeefa Jilani|Yasin Patel|WA Duraisingam|Amna Tariq|Syed Aziz|Mas Elysa|MNM Aslam|Mahirah Izzati Ismail|Maryam Omar|Virandeep Singh|Shiraz Khan,Adnan Idrees|Yasin Patel|Ahmed Aqeel|Pavandeep Singh|Shiraz Khan|Syed Aziz|S Muniandy|MNM Aslam|Mohamed Shafeeq|S Vijay Unni|Virandeep Singh,Meet Bhavsar|Ahmed Faiz|Yasin Patel|Zubaidi Zulkifle|S Vijay Unni|Virandeep Singh|S Muniandy|Usman Patel|CV Anto|R Sandaruwan|Mohamed Shafeeq,2,5,0.18181818181818182,0.45454545454545453,0.1,0.29411764705882354,220.0,380.0,546.0,326.0,166.0,Virandeep Singh,Virandeep Singh,Yasin Patel,Syed Aziz,Syed Aziz,Usman Patel,0,0,0,0
2024-09-06,Australia,Scotland,1440464,SR Watson|DEM Carter|LC Sthalekar|BJ McMullen|PA Chatterji|AC Agar|AJ Healy|KE Bryce|MP Stoinis|A Symonds|C Green,MRJ Watt|A Zampa|BJ McMullen|MA Leask|TM Head|MH Cross|J Jarvis|SA Abbott|KE Bryce|MP Stoinis|C Green,TH David|BJ Currie|BJ McMullen|XC Bartlett|CB Sole|HG Munsey|SA Abbott|JP Inglis|MP Stoinis|C Green|AM Hardie,3,4,0.2727272727272727,0.36363636363636365,0.15789473684210525,0.2222222222222222,335.0,415.0,795.0,460.0,380.0,KE Bryce,MP Stoinis,JP Inglis,SR Watson,C Green,MP Stoinis,0,0,0,0
2024-09-06,Maldives,Mongolia,1447492,Mohamed Rishwan|Umar Adam|Aishath Meesa Rameez|M Enkhzul|MNR Cooray|Azyan Farhath|L Erdenebulgan|T Ariuntsetseg|Mohamed Ishmath|Ibrahim Hassan|M Vivekanandan,L Shafeeg|T Tumursukh|Umar Adam|Ibrahim Rizan|Azyan Farhath|T Amarmend|L Erdenebulgan|Z Shurentsetseg|Mohamed Rishwan|Ibrahim Hassan|M Vivekanandan,L Shafeeg|Umar Adam|Ibrahim Rizan|GPK Wijesingha|O Lutbayar|Azyan Farhath|L Erdenebulgan|Z Shurentsetseg|Mohamed Azzam|Ibrahim Hassan|M Vivekanandan,5,8,0.45454545454545453,0.7272727272727273,0.29411764705882354,0.5714285714285714,514.0,668.0,771.0,257.0,103.0,Umar Adam,Umar Adam,Azyan Farhath,MNR Cooray,Azyan Farhath,Umar Adam,0,0,0,0
2024-09-06,Namibia,United Arab Emirates,1449019,M Short|Rohan Mustafa|KKN Egodage|MG Erasmus|W Mwatile|CR Seneviratna|Nisha Ali|D Wiese|Sultan Ahmed|ER Oza|Amjad Javed,A Sharafu|KKN Egodage|JN Loftie-Eaton|MG Erasmus|W Mwatile|Ali Naseer|JP Kotze|Waseem Muhammad|D Wiese|ER Oza|Basil Hameed,Theertha Satish|Rinitha Rajith|Archara Supriya|KKN Egodage|SA Wittmann|M Mwatile|H Hotchandani|I Nandakumar|Vaishnave Mahesh|SN Shihepo|S Tuhadeleni,1,1,0.09090909090909091,0.09090909090909091,0.047619047619047616,0.047619047619047616,64.0,64.0,503.0,439.0,439.0,MG Erasmus,MG Erasmus,I Nandakumar,CR Seneviratna,KKN Egodage,Theertha Satish,0,0,0,0
2024-09-06,Kuwait,Singapore,1447493,Janak Prakash|Shafina Mahesh|Zeefa Jilani|GK Diviya|Yasin Patel|Amna Tariq|Shiraz Khan|MNM Aslam|Maryam Omar|AE Paraam|U Aryaman Sunil,Janak Prakash|Adnan Idrees|Yasin Patel|R Kalimuthu|AR Puri|Shiraz Khan|Mohamed Shafeeq|MNM Aslam|Usman Patel|R Sandaruwan|AE Paraam,H Bharadwaj|Yasin Patel|S Chandramohan|R Kalimuthu|Ilyas Ahmed|Manpreet Singh|Bilal Tahir|MNM Aslam|R Sandaruwan|AE Paraam|WA Simpson,3,5,0.2727272727272727,0.45454545454545453,0.15789473684210525,0.29411764705882354,239.0,539.0,744.0,505.0,205.0,AE Paraam,AE Paraam,R Kalimuthu,MNM Aslam,MNM Aslam,R Sandaruwan,0,0,0,0
2024-09-07,United Arab Emirates,Zimbabwe,1449020,Rohan Mustafa|T Musekiwa|KKN Egodage|CR Seneviratna|Nisha Ali|Sultan Ahmed|Sikandar Raza|ER Oza|J Nkomo|Amjad Javed|K Ndlovu,Theertha Satish|KKN Egodage|H Hotchandani|S Dharnidharka|I Nandakumar|Vaishnave Mahesh|Sikandar Raza|ER Oza|J Nkomo|BJ Bennett|K Ndlovu,Theertha Satish|KKN Egodage|H Hotchandani|L Mabhero|K Chigora|Vaishnave Mahesh|M Mupachikwa|ER Oza|J Nkomo|T Marumani|B Biza,3,6,0.2727272727272727,0.5454545454545454,0.15789473684210525,0.375,203.0,431.0,726.0,523.0,295.0,CR Seneviratna,KKN Egodage,K Chigora,Sikandar Raza,ER Oza,B Biza,0,0,0,0
2024-09-07,Scotland,Australia,1440465,SR Watson|DEM Carter|LC Sthalekar|BJ McMullen|PA Chatterji|AC Agar|AJ Healy|S Nitschke|KE Bryce|MP Stoinis|A Symonds,MRJ Watt|JP Inglis|A Zampa|BJ Currie|BJ McMullen|MA Leask|J Jarvis|SA Abbott|KE Bryce|MP Stoinis|C Green,TH David|BJ Currie|BJ McMullen|TM Head|HG Munsey|MH Cross|J Jarvis|SA Abbott|MR Marsh|C Green|AM Hardie,1,5,0.09090909090909091,0.45454545454545453,0.047619047619047616,0.29411764705882354,122.0,514.0,669.0,547.0,155.0,KE Bryce,MP Stoinis,C Green,SR Watson,KE Bryce,BJ McMullen,0,0,0,0
2024-09-07,Malaysia,Hong Kong,1447494,KY Chan|M Hill|Ehsan Khan|Irfan Ahmed|Anshuman Rath|WA Duraisingam|Yasim Murtaza|Syed Aziz|Mas Elysa|Mahirah Izzati Ismail|Virandeep Singh,KY Chan|Ehsan Khan|Ahmed Aqeel|Nizakat Khan|Pavandeep Singh|Yasim Murtaza|Syed Aziz|S Muniandy|S Vijay Unni|Virandeep Singh|Aizaz Khan,Ehsan Khan|Ateeq Iqbal|Rizwan Haider|Anas Khan|Nizakat Khan|Yasim Murtaza|Syed Aziz|S Muniandy|S Vijay Unni|Muhammad Amir|Aizaz Khan,3,7,0.2727272727272727,0.6363636363636364,0.15789473684210525,0.4666666666666667,340.0,577.0,801.0,461.0,224.0,Syed Aziz,Syed Aziz,Syed Aziz,Virandeep Singh,Virandeep Singh,Yasim Murtaza,1,1,0,0
2024-09-08,Zimbabwe,Namibia,1449021,M Short|T Musekiwa|JN Loftie-Eaton|W Mwatile|MG Erasmus|D Wiese|Sikandar Raza|AC Mushangwe|KA Green|J Nkomo|K Ndlovu,Yasmeen Khan|L Mabhero|W Mwatile|MG Erasmus|V Hamunyela|J Nkomo|Sikandar Raza|M Mupachikwa|I van Zyl|JA Diergaardt|K Ndlovu,C Mutasa|SA Wittmann|L Mabhero|W Mwatile|S Tuhadeleni|M Mupachikwa|SN Shihepo|JA Diergaardt|M Gorases|B Biza|K Ndlovu,2,5,0.18181818181818182,0.45454545454545453,0.1,0.29411764705882354,124.0,287.0,556.0,432.0,269.0,MG Erasmus,W Mwatile,SA Wittmann,Sikandar Raza,K Ndlovu,SN Shihepo,0,0,0,0
2024-09-09,Myanmar,Singapore,1447495,Janak Prakash|H Bharadwaj|Shafina Mahesh|GK Diviya|Avi Dixit|TT Soe|ZT Kyaw|LL Htun|Pyae Phyo Wai|AE Paraam|U Aryaman Sunil,Aung Ko Ko|Janak Prakash|H Bharadwaj|S Chandramohan|R Kalimuthu|AR Puri|Pyae Phyo Wai|Manpreet Singh|Thuya Aung|AE Paraam|Paing Danu,H Bharadwaj|A Kaul|R Sheshadri|Aman Desai|R Kalimuthu|AR Puri|A Chaudhary|H Lin Aung|Pyae Phyo Wai|Manpreet Singh|WA Simpson,2,5,0.18181818181818182,0.45454545454545453,0.1,0.29411764705882354,149.0,288.0,483.0,334.0,195.0,AE Paraam,AE Paraam,H Bharadwaj,GK Diviya,Pyae Phyo Wai,R Kalimuthu,0,0,0,0
2024-09-09,United Arab Emirates,Namibia,1449022,M Short|Rohan Mustafa|KKN Egodage|JN Loftie-Eaton|MG Erasmus|W Mwatile|CR Seneviratna|Nisha Ali|D Wiese|Sultan Ahmed|Amjad Javed,Theertha Satish|KKN Egodage|H Hotchandani|W Mwatile|MG Erasmus|S Dharnidharka|V Hamunyela|I Nandakumar|Vaishnave Mahesh|ER Oza|I van Zyl,Theertha Satish|KKN Egodage|SA Wittmann|H Hotchandani|W Mwatile|E Van Zyl|N Benjamin|Vaishnave Mahesh|ER Oza|JA Diergaardt|S Tuhadeleni,2,6,0.18181818181818182,0.5454545454545454,0.1,0.375,133.0,444.0,730.0,597.0,286.0,MG Erasmus,KKN Egodage,JA Diergaardt,CR Seneviratna,W Mwatile,ER Oza,0,0,0,0
2024-09-09,Hong Kong,Kuwait,1447497,KY Chan|M Hill|Ehsan Khan|Zeefa Jilani|Yasin Patel|Irfan Ahmed|Amna Tariq|Yasim Murtaza|Usman Patel|MNM Aslam|Maryam Omar,Ehsan Khan|KY Chan|Adnan Idrees|Yasin Patel|Anshuman Rath|Yasim Murtaza|Shiraz Khan|Usman Patel|MNM Aslam|Zeeshan Ali|Aizaz Khan,Meet Bhavsar|Yasin Patel|Babar Hayat|Yasim Murtaza|Shiraz Khan|Mohamed Shafeeq|MNM Aslam|CV Anto|R Sandaruwan|Usman Patel|Zeeshan Ali,4,6,0.36363636363636365,0.5454545454545454,0.2222222222222222,0.375,211.0,326.0,470.0,259.0,144.0,KY Chan,MNM Aslam,Mohamed Shafeeq,Maryam Omar,Ehsan Khan,Shiraz Khan,0,0,0,0
2024-09-10,Kenya,Rwanda,1450462,E Wachira|IA Karim|SO Ngoche|SO Tikolo|E Sebareme|M Akayezu|S Wetoto|RR Patel|MD Bimenyimana|Q Abel|H Ishimwe,E Wachira|IA Karim|SO Ngoche|CO Obuya|Vraj Patel|E Sebareme|M Akayezu|RR Patel|MD Bimenyimana|Q Abel|H Ishimwe,R Shimwamana|Rosine Irera|AW Wambua|E Wachira|V Ooko|A Ikuzwe|MI Khagoitsa|B Murekatete|MD Bimenyimana|Q Abel|C Muthoni,3,3,0.2727272727272727,0.2727272727272727,0.15789473684210525,0.15789473684210525,326.0,326.0,702.0,376.0,376.0,Q Abel,Q Abel,Q Abel,MD Bimenyimana,MD Bimenyimana,E Wachira,1,1,0,0
2024-09-10,Zimbabwe,United Arab Emirates,1449023,Rohan Mustafa|T Musekiwa|KKN Egodage|CR Seneviratna|Sultan Ahmed|Sikandar Raza|ER Oza|Basil Hameed|J Nkomo|Amjad Javed|K Ndlovu,KKN Egodage|H Hotchandani|L Mabhero|I Nandakumar|Vaishnave Mahesh|M Mupachikwa|ER Oza|J Nkomo|CS Mugeri-Tiripano|B Biza|K Ndlovu,Theertha Satish|KKN Egodage|T Marumani|L Mabhero|S Dharnidharka|M Mupachikwa|ER Oza|J Nkomo|CS Mugeri-Tiripano|B Biza|K Ndlovu,4,8,0.36363636363636365,0.7272727272727273,0.2222222222222222,0.5714285714285714,393.0,639.0,705.0,312.0,66.0,CR Seneviratna,KKN Egodage,ER Oza,Sikandar Raza,J Nkomo,KKN Egodage,0,0,0,0
2024-09-11,Rwanda,Kenya,1450463,IA Karim|SO Ngoche|SO Tikolo|Q Abel|E Sebareme|M Akayezu|S Wetoto|RR Patel|MD Bimenyimana|RG Aga|H Ishimwe,R Shimwamana|Rosine Irera|E Wachira|A Ikuzwe|J Ajiambo|MI Khagoitsa|G Ishimwe|C Muthoni|MD Bimenyimana|Q Abel|H Ishimwe,Rosine Irera|E Wachira|JS Ndanu|A Ikuzwe|MI Khagoitsa|A Wanjira|G Ishimwe|B Murekatete|MD Bimenyimana|C Muthoni|H Ishimwe,2,8,0.18181818181818182,0.7272727272727273,0.1,0.5714285714285714,129.0,448.0,606.0,477.0,158.0,MD Bimenyimana,MD Bimenyimana,B Murekatete,RR Patel,H Ishimwe,E Wachira,0,0,0,0
2024-09-11,Kenya,Rwanda,1450464,IA Karim|SO Ngoche|SO Tikolo|Q Abel|E Sebareme|M Akayezu|S Wetoto|RR Patel|MD Bimenyimana|RG Aga|H Ishimwe,R Shimwamana|Rosine Irera|E Wachira|A Ikuzwe|J Ajiambo|MI Khagoitsa|G Ishimwe|C Muthoni|MD Bimenyimana|Q Abel|H Ishimwe,Rosine Irera|M Uwase|E Wachira|A Ikuzwe|MI Khagoitsa|G Ishimwe|C Muthoni|B Murekatete|MD Bimenyimana|Q Abel|H Ishimwe,3,9,0.2727272727272727,0.8181818181818182,0.15789473684210525,0.6923076923076923,170.0,426.0,556.0,386.0,130.0,MD Bimenyimana,MD Bimenyimana,Rosine Irera,RR Patel,H Ishimwe,B Murekatete,0,0,0,0
2024-09-11,Australia,England,1385697,SR Watson|A Gardner|DL Maddy|LC Sthalekar|AC Agar|NR Sciver|RS Bopara|S Nitschke|MP Stoinis|A Symonds|JC Buttler,TH David|A Zampa|S Ecclestone|JC Buttler|TM Head|PD Salt|SA Abbott|MP Stoinis|MR Marsh|C Green|NR Sciver-Brunt,SA Abbott|JC Archer|A Zampa|TM Head|S Mahmood|MW Short|JP Inglis|SM Curran|JR Hazlewood|C Green|LS Livingstone,0,4,0.0,0.36363636363636365,0.0,0.2222222222222222,39.0,401.0,830.0,791.0,429.0,SR Watson,MP Stoinis,LS Livingstone,MP Stoinis,C Green,TM Head,0,0,0,0
2024-09-11,Zimbabwe,Namibia,1449024,M Short|T Musekiwa|JN Loftie-Eaton|W Mwatile|MG Erasmus|D Wiese|Sikandar Raza|AC Mushangwe|KA Green|J Nkomo|K Ndlovu,Yasmeen Khan|SA Wittmann|L Mabhero|W Mwatile|MG Erasmus|J Nkomo|Sikandar Raza|M Mupachikwa|I van Zyl|JA Diergaardt|K Ndlovu,CT Dhururu|Yasmeen Khan|SA Wittmann|M Mwatile|W Mwatile|S Tuhadeleni|M Mupachikwa|P Munorwei|JA Diergaardt|CS Mugeri-Tiripano|B Biza,1,5,0.09090909090909091,0.45454545454545453,0.047619047619047616,0.29411764705882354,96.0,363.0,645.0,549.0,282.0,MG Erasmus,K Ndlovu,B Biza,Sikandar Raza,W Mwatile,JA Diergaardt,0,0,0,0
2024-09-12,Namibia,United Arab Emirates,1449025,Rohan Mustafa|KKN Egodage|MG Erasmus|W Mwatile|CR Seneviratna|Nisha Ali|D Wiese|Sultan Ahmed|ER Oza|JA Diergaardt|Amjad Javed,Theertha Satish|KKN Egodage|SA Wittmann|H Hotchandani|W Mwatile|MG Erasmus|I Nandakumar|Vaishnave Mahesh|ER Oza|I van Zyl|JA Diergaardt,Theertha Satish|KKN Egodage|SA Wittmann|H Hotchandani|W Mwatile|V Hamunyela|Vaishnave Mahesh|ER Oza|I van Zyl|JA Diergaardt|S Tuhadeleni,4,9,0.36363636363636365,0.8181818181818182,0.2222222222222222,0.6923076923076923,242.0,560.0,626.0,384.0,66.0,MG Erasmus,KKN Egodage,Theertha Satish,CR Seneviratna,W Mwatile,ER Oza,0,0,0,0
2024-09-13,Kenya,Rwanda,1450465,E Wachira|IA Karim|SO Ngoche|SO Tikolo|E Sebareme|M Akayezu|S Wetoto|RR Patel|MD Bimenyimana|Q Abel|H Ishimwe,Rosine Irera|E Wachira|IA Karim|A Ikuzwe|MI Khagoitsa|A Wanjira|G Ishimwe|B Murekatete|MD Bimenyimana|Q Abel|H Ishimwe,Rosine Irera|E Wachira|Geovanis Uwase|MI Khagoitsa|A Wanjira|I Muhawenimana|C Muthoni|B Murekatete|MD Bimenyimana|Q Abel|H Ishimwe,4,8,0.36363636363636365,0.7272727272727273,0.2222222222222222,0.5714285714285714,366.0,542.0,609.0,243.0,67.0,Q Abel,MD Bimenyimana,Q Abel,MD Bimenyimana,Q Abel,E Wachira,1,0,0,0
2024-09-13,Australia,England,1385698,SR Watson|DL Maddy|LC Sthalekar|JC Buttler|AC Agar|NR Sciver|RS Bopara|S Nitschke|MP Stoinis|A Symonds|C Green,SM Curran|AU Rashid|JC Archer|A Zampa|XC Bartlett|PD Salt|JR Hazlewood|MP Stoinis|MR Marsh|C Green|LS Livingstone,SA Abbott|AU Rashid|BA Carse|TM Head|PD Salt|MW Short|JP Inglis|LS Livingstone|J Fraser-McGurk|JG Bethell|AM Hardie,0,3,0.0,0.2727272727272727,0.0,0.15789473684210525,15.0,327.0,878.0,863.0,551.0,SR Watson,C Green,LS Livingstone,C Green,MP Stoinis,MW Short,0,0,0,0
2024-09-14,Denmark,Norway,1450198,Nazakat Ali|Sher Sahak|Hayatullah Niazi|Wahidullah Sahak|OD Hald|ND Laegsgaard|Saud Munir|Raza Iqbal|HAM Shah|Khizer Ahmed|SA Ahmad,Sher Sahak|Wahidullah Sahak|OD Hald|ND Laegsgaard|T Bharaj|Delawar Khan|Raza Iqbal|Surya Anand|HAM Shah|Khizer Ahmed|SA Ahmad,Mirab Razwan|L Ostergaard|ML Karlsen|Lopamudra|AB Slebsager|Alina Aslam|D Golechha|NP Dalgaard|L Leisner|P Agrawal|K Brock-Nielsen,0,0,0.0,0.0,0.0,0.0,0.0,0.0,591.0,591.0,591.0,SA Ahmad,SA Ahmad,NP Dalgaard,ND Laegsgaard,ND Laegsgaard,Alina Aslam,0,0,0,0
2024-09-14,Austria,Denmark,1450200,Shahil Momin|Aqib Iqbal|Bilal Zalmai|OD Hald|ND Laegsgaard|T Bharaj|Karanbir Singh|Saud Munir|HAM Shah|I Asif|SA Ahmad,Aqib Iqbal|Abdullah Akbarjan|Bilal Zalmai|T Bharaj|ND Laegsgaard|Karanbir Singh|Delawar Khan|Surya Anand|HAM Shah|I Asif|SA Ahmad,L Ostergaard|SK Reddy|P Sabu|MPM Pathirannehelage|AB Slebsager|A Ostergaard|L Leisner|NP Dalgaard|S Bhardwaj|L Holmgaard|JA Stiglitz,0,0,0.0,0.0,0.0,0.0,0.0,0.0,520.0,520.0,520.0,SA Ahmad,Bilal Zalmai,NP Dalgaard,Bilal Zalmai,SA Ahmad,L Holmgaard,0,0,0,0
2024-09-14,Serbia,Cyprus,1450467,S Burdekin|Luka Woods|MV Pavlovic|Taranjit Singh|I Chathurani|Muhammad Shoaib Ahmed|LA Dunbar|CPPM Sadun|WAE Burton|A Mene-Ejegi|Gurpratap Singh,S Burdekin|Taranjit Singh|Luka Woods|MV Pavlovic|I Chathurani|NK Tiwari|MPGT Ketiyage|LA Dunbar|CPPM Sadun|A Dirannehelage|WAE Burton,N Liyanage|T Trajkovic|A Taylor|D Koralalage|T Gedarage|N Jovicevic|I Chathurani|N Nojic|S Dunukedeniya|A Dirannehelage|T De Silva,1,2,0.09090909090909091,0.18181818181818182,0.047619047619047616,0.1,18.0,61.0,401.0,383.0,340.0,I Chathurani,I Chathurani,T Trajkovic,Gurpratap Singh,Taranjit Singh,N Liyanage,0,0,0,0
2024-09-14,England,Ireland,1430820,O Prendergast|DL Maddy|MR Adair|EAJ Richardson|S Ecclestone|JC Buttler|NR Sciver|RS Bopara|L Delany|NR Sciver-Brunt|LS Livingstone,JM Cox|O Prendergast|MR Adair|AU Rashid|JC Archer|EAJ Richardson|S Mahmood|PD Salt|SM Curran|L Delany|LS Livingstone,S Smale|O Prendergast|A Hunter|C Pavely|AK Maguire|GL Adams|IECM Wong|MK Villiers|J Maguire|FA Sargent|BF Smith,1,1,0.09090909090909091,0.09090909090909091,0.047619047619047616,0.047619047619047616,114.0,114.0,919.0,805.0,805.0,O Prendergast,LS Livingstone,FA Sargent,MR Adair,JC Archer,C Pavely,0,0,0,0
2024-09-14,Namibia,Zimbabwe,1449027,M Short|T Musekiwa|JN Loftie-Eaton|W Mwatile|MG Erasmus|D Wiese|Sikandar Raza|KA Green|J Nkomo|B Biza|K Ndlovu,SA Wittmann|L Mabhero|W Mwatile|MG Erasmus|J Nkomo|K Chigora|M Mupachikwa|I van Zyl|JA Diergaardt|B Biza|K Ndlovu,M Gorases|M Mwatile|W Mwatile|S Tuhadeleni|L Phiri|N Benjamin|J Nkomo|JA Diergaardt|CS Mugeri-Tiripano|B Biza|K Ndlovu,4,5,0.36363636363636365,0.45454545454545453,0.2222222222222222,0.29411764705882354,293.0,381.0,673.0,380.0,292.0,MG Erasmus,W Mwatile,W Mwatile,Sikandar Raza,K Ndlovu,M Mwatile,0,1,0,0
2024-09-15,England,Ireland,1430821,O Prendergast|DL Maddy|MR Adair|EAJ Richardson|S Ecclestone|JC Buttler|NR Sciver|RS Bopara|L Delany|NR Sciver-Brunt|LS Livingstone,SM Curran|O Prendergast|AN Kelly|A Hunter|AU Rashid|JC Archer|S Mahmood|PD Salt|LS Livingstone|FA Sargent|BF Smith,PJ Scholfield|O Prendergast|AN Kelly|TT Beaumont|KL Cross|GH Lewis|AK Maguire|L Paul|A Hunter|MK Villiers|BF Smith,1,4,0.09090909090909091,0.36363636363636365,0.047619047619047616,0.2222222222222222,163.0,345.0,710.0,547.0,365.0,O Prendergast,O Prendergast,O Prendergast,MR Adair,LS Livingstone,AN Kelly,1,1,0,0
2024-09-15,Denmark,Luxembourg,1450202,S Kushretha|Atif Kamal|V Vijh|ND Laegsgaard|OD Hald|T Bharaj|A Nanda|NP Dalgaard|Saud Munir|HAM Shah|SA Ahmad,L Ostergaard|S Kushretha|C Ostergaard|Jagrat Dubey|V Vijh|PN Agarwal|S Ostergaard|D Golechha|NP Dalgaard|L Leisner|SA Ahmad,L Ostergaard|ML Karlsen|C Ostergaard|Kerry Fraser|Aarti Priya|Jagrat Dubey|L Leisner|Khusboo Kandpal|NP Dalgaard|L Holmgaard|GEM Brealey,1,5,0.09090909090909091,0.45454545454545453,0.047619047619047616,0.29411764705882354,72.0,266.0,580.0,508.0,314.0,SA Ahmad,NP Dalgaard,L Holmgaard,V Vijh,L Ostergaard,L Ostergaard,0,0,0,1
2024-09-16,South Africa,Pakistan,1449011,D van Niekerk|M Kapp|Q de Kock|Nida Dar|D Pretorius|Shaheen Shah Afridi|Asmavia Iqbal|Mohammad Rizwan|Babar Azam|Arafat Minhas|AB de Villiers,M Kapp|Imad Wasim|Q de Kock|Nida Dar|N de Klerk|Mohammad Rizwan|D Pretorius|Shaheen Shah Afridi|Babar Azam|Arafat Minhas|Haris Rauf,M Kapp|Aliya Riaz|S Luus|Nida Dar|S Naidu|Sadia Iqbal|CL Tryon|TS Sekhukhune|Fatima Sana|Muneeba Ali|T Brits,2,2,0.18181818181818182,0.18181818181818182,0.1,0.1,125.0,125.0,608.0,483.0,483.0,D van Niekerk,Mohammad Rizwan,Sadia Iqbal,Q de Kock,Q de Kock,Aliya Riaz,0,0,0,0
2024-09-18,Pakistan,South Africa,1449012,D van Niekerk|Imad Wasim|Q de Kock|Nida Dar|D Pretorius|Shaheen Shah Afridi|Asmavia Iqbal|Mohammad Rizwan|Babar Azam|Arafat Minhas|AB de Villiers,M Kapp|Nida Dar|Sadia Iqbal|CL Tryon|L Wolvaardt|TS Sekhukhune|Fatima Sana|A Khaka|Nashra Sandhu|Muneeba Ali|T Brits,S Luus|Nida Dar|Sidra Ameen|Sadia Iqbal|CL Tryon|L Wolvaardt|A Bosch|TS Sekhukhune|Fatima Sana|Nashra Sandhu|Muneeba Ali,1,8,0.09090909090909091,0.7272727272727273,0.047619047619047616,0.5714285714285714,39.0,444.0,619.0,580.0,175.0,D van Niekerk,Nida Dar,S Luus,Q de Kock,M Kapp,Muneeba Ali,0,0,0,0
2024-09-19,New Zealand,Australia,1426617,AE Satterthwaite|SR Watson|LC Sthalekar|AL Watkins|BB McCullum|AC Agar|S Nitschke|MP Stoinis|A Symonds|C Green|AC Kerr,SA Abbott|MJ Santner|A Zampa|MG Bracewell|TG Southee|MW Short|JP Inglis|MP Stoinis|JR Hazlewood|C Green|AC Kerr,ML Schutt|P Litchfield|MM Penfold|ML Green|G Wareham|BL Mooney|LM Kasperek|S Molineux|SW Bates|A Sutherland|AC Kerr,1,1,0.09090909090909091,0.09090909090909091,0.047619047619047616,0.047619047619047616,22.0,22.0,542.0,520.0,520.0,SR Watson,MP Stoinis,P Litchfield,AL Watkins,C Green,G Wareham,0,0,0,0
2024-09-20,Pakistan,South Africa,1449013,D van Niekerk|Imad Wasim|Q de Kock|Nida Dar|D Pretorius|Shaheen Shah Afridi|Asmavia Iqbal|Mohammad Rizwan|Babar Azam|Arafat Minhas|AB de Villiers,M Kapp|Nida Dar|N de Klerk|Sadia Iqbal|CL Tryon|L Wolvaardt|TS Sekhukhune|Fatima Sana|A Khaka|Nashra Sandhu|Muneeba Ali,S Luus|Nida Dar|Sidra Ameen|Tuba Hassan|CL Tryon|L Wolvaardt|A Bosch|A Dercksen|N Mlaba|Fatima Sana|Muneeba Ali,1,5,0.09090909090909091,0.45454545454545453,0.047619047619047616,0.29411764705882354,16.0,268.0,551.0,535.0,283.0,D van Niekerk,Nida Dar,S Luus,Q de Kock,M Kapp,A Bosch,0,0,0,0
2024-09-21,Spain,Greece,1451291,Uswa Syed|Farzan Afzal|Mohammad Kamran|Awais Ahmed|Alexandros Karvelas|Asrar Ahmed|D Doyle-Calle|NH Berejo|G Fatouros|Yasir Ali|M Syrioti,Aslam Mohammad|Mohammad Atif|GC Galanis|Mohammad Ihsan|S Georgota|Shafat Ali Syed|D Doyle-Calle|NH Berejo|LA Burns|Yasir Ali|M Syrioti,A Makri|M Vervitsioti|Uswa Syed|A Argyropoulou|A Hartley|A Davidson-Soler|Tashiba Mirza|A Savvani|NH Berejo|M Syrioti|A Brown-Carrera,3,2,0.2727272727272727,0.18181818181818182,0.15789473684210525,0.1,104.0,74.0,407.0,303.0,333.0,NH Berejo,Yasir Ali,A Davidson-Soler,G Fatouros,M Syrioti,NH Berejo,0,0,0,0
2024-09-21,Greece,Spain,1451292,Uswa Syed|Farzan Afzal|Mohammad Kamran|Awais Ahmed|Alexandros Karvelas|Asrar Ahmed|D Doyle-Calle|NH Berejo|G Fatouros|Yasir Ali|M Syrioti,Aslam Mohammad|Mohammad Atif|GC Galanis|Mohammad Ihsan|S Georgota|Shafat Ali Syed|D Doyle-Calle|NH Berejo|LA Burns|Yasir Ali|M Syrioti,A Makri|JF Smagacz|M Polimeri|EMC Fowler|P Chilongia|A Davidson-Soler|A Savvani|NH Berejo|M Syrioti|C Kanta|A Brown-Carrera,2,2,0.18181818181818182,0.18181818181818182,0.1,0.1,184.0,180.0,458.0,274.0,278.0,NH Berejo,Yasir Ali,NH Berejo,G Fatouros,M Syrioti,M Syrioti,1,0,0,1
2024-09-22,Malawi,Ghana,1450755,OH Agbomadzie|DK Anefie|D Jakiel|R Bakum|R Baaleri|Sami Sohail|LL Dimba|TK Joseph|IKO Aboagye|KM Chingaipe|MA Baig,G Bakiweyem|OH Agbomadzie|D Jakiel|V Ateak|A Limdawala|TK Joseph|Sami Sohail|R Baaleri|D Kansonkho|B Pondani|MA Baig,G Bakiweyem|SZ Vayani|OH Agbomadzie|A Osei|D Jakiel|V Ateak|Sami Sohail|D Kansonkho|B Pondani|GM Ntambalika|MA Baig,4,8,0.36363636363636365,0.7272727272727273,0.2222222222222222,0.5714285714285714,326.0,555.0,643.0,317.0,88.0,OH Agbomadzie,OH Agbomadzie,MA Baig,Sami Sohail,Sami Sohail,OH Agbomadzie,0,0,0,0
2024-09-22,Australia,New Zealand,1426618,AE Satterthwaite|SR Watson|LC Sthalekar|AL Watkins|BB McCullum|AC Agar|S Nitschke|MP Stoinis|A Symonds|C Green|AC Kerr,EA Perry|G Wareham|BL Mooney|FC Jonas|LM Kasperek|S Molineux|AJ Healy|SW Bates|MP Stoinis|C Green|AC Kerr,A Gardner|EA Perry|G Wareham|FC Jonas|IC Gaze|LMM Tahuhu|AJ Healy|BM Halliday|SW Bates|A Sutherland|AC Kerr,1,6,0.09090909090909091,0.5454545454545454,0.047619047619047616,0.375,159.0,419.0,711.0,552.0,292.0,SR Watson,AC Kerr,AC Kerr,AL Watkins,EA Perry,A Gardner,0,1,0,0
2024-09-22,Greece,Spain,1451294,A Makri|Aslam Mohammad|Farzan Afzal|Mohammad Kamran|A Davidson-Soler|Alexandros Karvelas|GC Galanis|Asrar Ahmed|G Fatouros|Yasir Ali|A Brown-Carrera,A Makri|M Vervitsioti|Uswa Syed|P Chilongia|A Davidson-Soler|S Georgota|A Savvani|NH Berejo|Yasir Ali|M Syrioti|A Brown-Carrera,M Vervitsioti|Memoona Riaz|Uswa Syed|EMC Fowler|P Chilongia|A Davidson-Soler|Tashiba Mirza|A Savvani|A Brown-Carrera|M Syrioti|KR Frost,2,7,0.18181818181818182,0.6363636363636364,0.1,0.4666666666666667,103.0,311.0,427.0,324.0,116.0,G Fatouros,A Brown-Carrera,KR Frost,Yasir Ali,A Davidson-Soler,A Davidson-Soler,0,0,0,1
2024-09-24,Ghana,Lesotho,1450757,T Ramabitsa|LM Gabriel|OH Agbomadzie|DK Anefie|Waseem Yaqoob|R Bakum|Khan Arbaaz|MA Nyabela|TK Joseph|R Baaleri|IKO Aboagye,G Bakiweyem|KS Bagabena|E Frimpong|LM Gabriel|OH Agbomadzie|A Osei|Waseem Yaqoob|TD Chaoana|V Ateak|R Baaleri|ME Leoela,G Bakiweyem|Sajid Patel|KS Bagabena|E Frimpong|OH Agbomadzie|A Osei|Waseem Yaqoob|F Baleri|LJ Leokaoke|TD Chaoana|R Baaleri,3,8,0.2727272727272727,0.7272727272727273,0.15789473684210525,0.5714285714285714,185.0,468.0,600.0,415.0,132.0,OH Agbomadzie,OH Agbomadzie,E Frimpong,R Baaleri,R Baaleri,G Bakiweyem,0,0,0,0
2024-09-24,New Zealand,Australia,1426619,AE Satterthwaite|SR Watson|A Gardner|LC Sthalekar|AL Watkins|AC Agar|BB McCullum|MP Stoinis|A Symonds|C Green|AC Kerr,A Gardner|EA Perry|G Wareham|BL Mooney|LMM Tahuhu|SFM Devine|S Molineux|AJ Healy|SW Bates|A Sutherland|AC Kerr,EJ Carson|A Gardner|EA Perry|G Wareham|GE Plimmer|FC Jonas|AJ Healy|S Molineux|HM Rowe|A Sutherland|AC Kerr,2,7,0.18181818181818182,0.6363636363636364,0.1,0.4666666666666667,167.0,488.0,628.0,461.0,140.0,SR Watson,AC Kerr,G Wareham,AC Kerr,A Gardner,AC Kerr,0,0,1,0
2024-09-25,Japan,Indonesia,1450766,C Hinze|F Banunaek|B Ito-Davis|NPAN Sakarini|NLKWR Dewi|IK Gamantika|S Ravichandran|Gaurav Tiwari|NMP Suwandewi|A Chandel|R Rohmalia,C Hinze|F Banunaek|B Ito-Davis|NPAN Sakarini|NLKWR Dewi|PR Surve|IK Gamantika|S Ravichandran|Gaurav Tiwari|NMP Suwandewi|A Chandel,C Hinze|K Kadowaki-Fleming|Ahmad Ramdoni|DJ Hawoe|PR Surve|IK Gamantika|IKEG Artawan|P Kumbhare|S Ravichandran|I Takahashi|RM Koda,3,4,0.2727272727272727,0.36363636363636365,0.15789473684210525,0.2222222222222222,235.0,283.0,613.0,378.0,330.0,NLKWR Dewi,NLKWR Dewi,RM Koda,S Ravichandran,S Ravichandran,C Hinze,0,0,0,0
2024-09-25,Ghana,Tanzania,1450760,G Bakiweyem|YM Nkanya|AM Kimote|OH Agbomadzie|S Thakor|R Bakum|AP Rajeevan|NN Saidi|R Baaleri|JC Darji|SA Jumbe,G Bakiweyem|KS Bagabena|AM Kimote|OH Agbomadzie|S Thakor|K Nassoro|HA Chohan|AP Rajeevan|AR Patwa|V Ateak|R Baaleri,LS Barkania|Muhammad Zafar Khan|OH Agbomadzie|A Osei|Akhil Anil|K Nassoro|HA Chohan|K Juma|L Nyarko|AP Rajeevan|AR Patwa,2,5,0.18181818181818182,0.45454545454545453,0.1,0.29411764705882354,168.0,320.0,541.0,373.0,221.0,OH Agbomadzie,OH Agbomadzie,OH Agbomadzie,S Thakor,S Thakor,Akhil Anil,1,1,0,0
2024-09-26,Japan,Philippines,1450767,C Hinze|B Ito-Davis|Huzaifa Mohammed|HER Tyler|KDA Lukies|S Ravichandran|LJ Myott|A Chandel|M Taniyama|ASF Sirah|W Miyauchi,C Hinze|R Sakurano-Thomas|Huzaifa Mohammed|HER Tyler|L Yamamoto-Lake|KDA Lukies|S Ravichandran|I Takahashi|M Taniyama|ASF Sirah|W Miyauchi,C Hinze|K Kadowaki-Fleming|B Ito-Davis|Huzaifa Mohammed|KH Abe|J Tuffin|S Ravichandran|N Tanner|M Taniyama|DC Smith|W Miyauchi,6,5,0.5454545454545454,0.45454545454545453,0.375,0.29411764705882354,414.0,382.0,580.0,166.0,198.0,HER Tyler,S Ravichandran,S Ravichandran,S Ravichandran,C Hinze,B Ito-Davis,0,1,0,0
2024-09-26,Tanzania,Malawi,1450765,S Thakor|D Jakiel|II Selemani|K Nassoro|AP Rajeevan|NN Saidi|Sami Sohail|LL Dimba|KM Chingaipe|SA Jumbe|MA Baig,SZ Vayani|AM Kimote|S Thakor|D Jakiel|K Nassoro|HA Chohan|AP Rajeevan|Sami Sohail|D Kansonkho|B Pondani|MA Baig,SZ Vayani|S Thakor|D Jakiel|K Nassoro|HA Chohan|K Juma|AP Rajeevan|AR Patwa|Sami Sohail|D Kansonkho|B Pondani,5,9,0.45454545454545453,0.8181818181818182,0.29411764705882354,0.6923076923076923,324.0,661.0,746.0,422.0,85.0,MA Baig,MA Baig,HA Chohan,SA Jumbe,S Thakor,D Kansonkho,0,0,0,0
2024-09-27,Ireland,South Africa,1431086,D van Niekerk|M Kapp|O Prendergast|Q de Kock|MR Adair|S Luus|EAJ Richardson|D Pretorius|CL Tryon|AB de Villiers|L Delany,M Kapp|O Prendergast|Q de Kock|MR Adair|S Luus|N de Klerk|EAJ Richardson|CL Tryon|L Wolvaardt|L Delany|T Brits,PE Kruger|GR Adair|RR Hendricks|C Campher|MR Adair|OEG Baartman|AK Markram|NA Rock|RD Rickelton|PWA Mulder|MP Breetzke,1,1,0.09090909090909091,0.09090909090909091,0.047619047619047616,0.047619047619047616,37.0,37.0,646.0,609.0,609.0,D van Niekerk,CL Tryon,RD Rickelton,O Prendergast,S Luus,PE Kruger,0,0,0,0
2024-09-28,Canada,Nepal,1450823,RC Belbashi|SR Magar|H Thaker|Saad Bin Zafar|K Bhurtel|Amarpal Kaur|P Khadka|A Bagai|S Lamichhane|DS Airee|D Saxena,RC Belbashi|SR Magar|H Thaker|Saad Bin Zafar|K Bhurtel|Amarpal Kaur|Aasif Sheikh|I Barma|Kaleem Sana|DS Airee|D Saxena,Sompal Kami|Saad Bin Zafar|R Dhakal|RK Paudel|Kaleem Sana|DS Bajwa|S Movva|S Lamichhane|Akhil Kumar|DS Airee|Parveen Kumar,3,3,0.2727272727272727,0.2727272727272727,0.15789473684210525,0.15789473684210525,261.0,347.0,762.0,501.0,415.0,DS Airee,D Saxena,Kaleem Sana,D Saxena,DS Airee,Saad Bin Zafar,0,0,0,0
2024-09-28,South Korea,Indonesia,1450769,F Banunaek|Seungmin Song|NPAN Sakarini|Aamir Lal|NLKWR Dewi|A Andriani|Mina Baek|NMP Suwandewi|NW Sariani|Seri Chang|R Rohmalia,F Banunaek|Kim Daeyeon|Asif Iqbal|Aamir Lal|NLKWR Dewi|RM Koda|PR Surve|NPAN Sakarini|Mudassir Iqbal|Gaurav Tiwari|DJ Hawoe,F Banunaek|AN Hyobeom|Kim Daeyeon|Fazil Muhammad|Raja Shoaib|Aamir Lal|Gaurav Tiwari|S Maduranga|IKEG Artawan|BI Dilruksha|DJ Hawoe,2,5,0.18181818181818182,0.45454545454545453,0.1,0.29411764705882354,161.0,345.0,586.0,425.0,241.0,NLKWR Dewi,F Banunaek,F Banunaek,Aamir Lal,NLKWR Dewi,AN Hyobeom,0,1,0,0
2024-09-28,Philippines,Japan,1450768,C Hinze|B Ito-Davis|K Kato-Stafford|Huzaifa Mohammed|HER Tyler|KDA Lukies|S Ravichandran|LJ Myott|A Chandel|ASF Sirah|W Miyauchi,C Hinze|R Sakurano-Thomas|B Ito-Davis|Huzaifa Mohammed|HER Tyler|KDA Lukies|S Ravichandran|I Takahashi|M Taniyama|ASF Sirah|W Miyauchi,C Hinze|R Sakurano-Thomas|Huzaifa Mohammed|A Patmore|J Tuffin|S Ravichandran|I Takahashi|N Tanner|D Suzuki|M Taniyama|Kulwinderjeet Singh,3,6,0.2727272727272727,0.5454545454545454,0.15789473684210525,0.375,313.0,419.0,628.0,315.0,209.0,S Ravichandran,S Ravichandran,J Tuffin,HER Tyler,HER Tyler,S Ravichandran,0,0,0,0
2024-09-29,South Korea,Japan,1450771,C Hinze|B Ito-Davis|Seungmin Song|K Kato-Stafford|Aamir Lal|S Ravichandran|Mina Baek|A Chandel|Seri Chang|I Takahashi|W Miyauchi,C Hinze|Kim Daeyeon|B Ito-Davis|R Sakurano-Thomas|Aamir Lal|Mudassir Iqbal|S Ravichandran|Alam Nakash|I Takahashi|M Taniyama|W Miyauchi,C Hinze|K Kadowaki-Fleming|B Ito-Davis|Raja Shoaib|Aamir Lal|L Yamamoto-Lake|S Ravichandran|Alam Nakash|S Maduranga|I Takahashi|BI Dilruksha,5,6,0.45454545454545453,0.5454545454545454,0.29411764705882354,0.375,429.0,477.0,586.0,157.0,109.0,S Ravichandran,S Ravichandran,S Ravichandran,B Ito-Davis,B Ito-Davis,Aamir Lal,1,1,0,0
2024-09-29,Ireland,South Africa,1431087,D van Niekerk|O Prendergast|Q de Kock|C Campher|MR Adair|S Luus|EAJ Richardson|D Pretorius|CL Tryon|AB de Villiers|L Delany,PE Kruger|Q de Kock|RR Hendricks|C Campher|MR Adair|F Hand|CA Young|AK Markram|OEG Baartman|CL Tryon|T Stubbs,GR Adair|PE Kruger|RR Hendricks|MR Adair|GI Hume|MJ Humphreys|NA Rock|RD Rickelton|PWA Mulder|MP Breetzke|PR Stirling,1,3,0.09090909090909091,0.2727272727272727,0.047619047619047616,0.15789473684210525,125.0,302.0,859.0,734.0,557.0,D van Niekerk,MR Adair,GR Adair,O Prendergast,C Campher,MR Adair,0,0,0,0
2024-09-29,United Arab Emirates,Namibia,1450817,Rohan Mustafa|KKN Egodage|MG Erasmus|W Mwatile|CR Seneviratna|Nisha Ali|D Wiese|Sultan Ahmed|ER Oza|JA Diergaardt|Amjad Javed,A Sharafu|KKN Egodage|JN Loftie-Eaton|MG Erasmus|W Mwatile|JP Kotze|Waseem Muhammad|D Wiese|KA Green|ER Oza|JA Diergaardt,JJ Smit|A Sharafu|MG Erasmus|JN Frylinck|Ali Naseer|Muhammad Jawadullah|JP Kotze|Waseem Muhammad|Asif Khan|Basil Hameed|Aayan Afzal Khan,1,4,0.09090909090909091,0.36363636363636365,0.047619047619047616,0.2222222222222222,108.0,475.0,878.0,770.0,403.0,MG Erasmus,MG Erasmus,Waseem Muhammad,ER Oza,ER Oza,Basil Hameed,0,0,0,0
2024-09-29,Philippines,Indonesia,1450770,F Banunaek|Huzaifa Mohammed|HER Tyler|NLKWR Dewi|NPAN Sakarini|IK Gamantika|KDA Lukies|Gaurav Tiwari|NMP Suwandewi|R Rohmalia|ASF Sirah,F Banunaek|Huzaifa Mohammed|HER Tyler|NLKWR Dewi|PR Surve|IK Gamantika|KDA Lukies|LJ Myott|Gaurav Tiwari|IKEG Artawan|ASF Sirah,F Banunaek|Ahmad Ramdoni|DJ Hawoe|Huzaifa Mohammed|RM Koda|PR Surve|KDA Lukies|J Tuffin|LJ Myott|DC Smith|AS Samra,3,5,0.2727272727272727,0.45454545454545453,0.15789473684210525,0.29411764705882354,167.0,340.0,654.0,487.0,314.0,NLKWR Dewi,HER Tyler,LJ Myott,HER Tyler,Gaurav Tiwari,AS Samra,0,0,0,0
2024-09-29,Nepal,Oman,1450824,RC Belbashi|SR Magar|Khawar Ali|PE Mendonca|K Bhurtel|P Khadka|Zeeshan Maqsood|PS Athavale|S Lamichhane|Aqib Ilyas|DS Airee,Sompal Kami|PE Mendonca|K Bhurtel|RK Paudel|S Lamichhane|Aasif Sheikh|Zeeshan Maqsood|Mehran Khan|Aqib Ilyas|Karan KC|DS Airee,AK Sah|Kushal Malla|Shoaib Khan|K Bhurtel|Rafiullah|Aasif Sheikh|Gulsan Jha|Aqib Ilyas|Karan KC|Fayyaz Butt|DS Airee,3,5,0.2727272727272727,0.45454545454545453,0.15789473684210525,0.29411764705882354,320.0,428.0,739.0,419.0,311.0,DS Airee,DS Airee,Gulsan Jha,RC Belbashi,K Bhurtel,Karan KC,0,0,0,0
2024-09-30,Serbia,Gibraltar,1452624,IDM Latin|BA Pai|AIV Benatar|A Mene-Ejegi|MV Pavlovic|Luka Woods|KJ Ferrary|EAS Ferrary|WAE Burton|N Caruana|L Bruce,BA Pai|AIV Benatar|A Mene-Ejegi|MV Pavlovic|Luka Woods|KJ Ferrary|KJ Stagno|EAS Ferrary|LA Dunbar|N Caruana|L Bruce,IDM Latin|BA Pai|A Reyes|KJ Stagno|S Bodha|V Zimonjic|K Mirpuri|C Pyle|LA Dunbar|WAE Burton|L Bruce,4,4,0.36363636363636365,0.36363636363636365,0.2222222222222222,0.2222222222222222,259.0,251.0,600.0,341.0,349.0,BA Pai,L Bruce,V Zimonjic,L Bruce,BA Pai,L Bruce,0,0,1,0
2024-09-30,Serbia,Gibraltar,1452625,IDM Latin|BA Pai|AIV Benatar|A Mene-Ejegi|MV Pavlovic|Luka Woods|KJ Ferrary|EAS Ferrary|WAE Burton|N Caruana|L Bruce,BA Pai|AIV Benatar|A Mene-Ejegi|MV Pavlovic|Luka Woods|KJ Ferrary|KJ Stagno|EAS Ferrary|LA Dunbar|N Caruana|L Bruce,IDM Latin|KJ Stagno|Luka Woods|KJ Ferrary|B Dugic|S Bodha|V Zimonjic|K Mirpuri|C Pyle|N Advani|L Bruce,4,4,0.36363636363636365,0.36363636363636365,0.2222222222222222,0.2222222222222222,212.0,252.0,593.0,381.0,341.0,BA Pai,L Bruce,N Advani,L Bruce,BA Pai,V Zimonjic,0,0,0,0
2024-09-30,United States of America,United Arab Emirates,1450818,Rohan Mustafa|KKN Egodage|RP Singh|CR Seneviratna|Jasdeep Singh|Nisha Ali|Sultan Ahmed|Harmeet Singh|ER Oza|Aaron Jones|Amjad Javed,A Sharafu|Ali Naseer|Junaid Siddique|NK Patel|MD Patel|Waseem Muhammad|Harmeet Singh|IM Vaghela|ER Oza|Basil Hameed|Aayan Afzal Khan,A Sharafu|V Sukumaran|Ali Naseer|AA Paradkar|Muhammad Jawadullah|AGS Gous|Harmeet Singh|Basil Hameed|NP Kenjige|Aayan Afzal Khan|SR Mukkamalla,1,5,0.09090909090909091,0.45454545454545453,0.047619047619047616,0.29411764705882354,102.0,413.0,748.0,646.0,335.0,ER Oza,Basil Hameed,Ali Naseer,CR Seneviratna,Ali Naseer,SR Mukkamalla,0,0,0,0
2024-09-30,Canada,Oman,1450825,AS Hansra|H Thaker|Khawar Ali|Saad Bin Zafar|PE Mendonca|Amarpal Kaur|Aamir Kaleem|PS Athavale|H Patel|Aqib Ilyas|D Saxena,Shakeel Ahmed|H Thaker|NS Dhaliwal|Saad Bin Zafar|Kaleem Sana|Zeeshan Maqsood|PS Athavale|Aqib Ilyas|NR Kirton|Parveen Kumar|D Saxena,Shakeel Ahmed|A Johnson|Rafiullah|KH Prajapati|D Heyliger|Kaleemullah|Zeeshan Maqsood|PS Athavale|Aqib Ilyas|Shoaib Khan|Fayyaz Butt,2,4,0.18181818181818182,0.36363636363636365,0.1,0.2222222222222222,191.0,339.0,598.0,407.0,259.0,D Saxena,Aqib Ilyas,Aqib Ilyas,Aqib Ilyas,Saad Bin Zafar,Fayyaz Butt,0,1,0,0
2024-10-01,Nepal,Canada,1450826,RC Belbashi|SR Magar|H Thaker|Saad Bin Zafar|K Bhurtel|Amarpal Kaur|P Khadka|A Bagai|S Lamichhane|DS Airee|D Saxena,Sompal Kami|H Thaker|Saad Bin Zafar|K Bhurtel|Karan KC|Aasif Sheikh|Kaleem Sana|S Lamichhane|D Heyliger|DS Airee|D Saxena,AK Sah|Sompal Kami|H Thaker|Saad Bin Zafar|Aasif Sheikh|S Lamichhane|LN Rajbanshi|Gulsan Jha|Akhil Kumar|NR Kirton|Ravinderpal Singh,3,5,0.2727272727272727,0.45454545454545453,0.15789473684210525,0.29411764705882354,260.0,424.0,612.0,352.0,188.0,DS Airee,DS Airee,Saad Bin Zafar,D Saxena,H Thaker,H Thaker,0,0,0,1
2024-10-01,Philippines,South Korea,1450773,Kim Daeyeon|Seungmin Song|Huzaifa Mohammed|Aamir Lal|HER Tyler|Mudassir Iqbal|KDA Lukies|LJ Myott|Mina Baek|Alam Nakash|ASF Sirah,Kim Daeyeon|Huzaifa Mohammed|Aamir Lal|HER Tyler|Mudassir Iqbal|ASF Sirah|J Tuffin|KDA Lukies|LJ Myott|Alam Nakash|DC Smith,Kim Daeyeon|Raja Shoaib|Huzaifa Mohammed|Aamir Lal|KDA Lukies|J Tuffin|LJ Myott|BI Dilruksha|N Tanner|DC Smith|AS Samra,5,7,0.45454545454545453,0.6363636363636364,0.29411764705882354,0.4666666666666667,402.0,594.0,768.0,366.0,174.0,Mina Baek,Aamir Lal,DC Smith,ASF Sirah,Huzaifa Mohammed,Aamir Lal,0,0,0,0
2024-10-01,United States of America,Namibia,1450819,M Short|JN Loftie-Eaton|MG Erasmus|W Mwatile|RP Singh|Jasdeep Singh|D Wiese|J Theron|Harmeet Singh|KA Green|JA Diergaardt,JJ Smit|T Lungameni|JN Loftie-Eaton|MG Erasmus|JN Frylinck|Jasdeep Singh|Yasir Mohammad|BM Scholtz|AGS Gous|Harmeet Singh|NP Kenjige,J Drysdale|JJ Smit|JT Brassell|JN Loftie-Eaton|MG Erasmus|Jasdeep Singh|BM Scholtz|AGS Gous|NR Kumar|NP Kenjige|Milind Kumar,3,7,0.2727272727272727,0.6363636363636364,0.15789473684210525,0.4666666666666667,260.0,568.0,739.0,479.0,171.0,MG Erasmus,MG Erasmus,MG Erasmus,JN Loftie-Eaton,JN Loftie-Eaton,AGS Gous,1,1,0,0
2024-10-01,Japan,Indonesia,1450772,C Hinze|F Banunaek|B Ito-Davis|NPAN Sakarini|NLKWR Dewi|R Rohmalia|S Ravichandran|Gaurav Tiwari|NMP Suwandewi|GA Priandana|I Takahashi,F Banunaek|C Hinze|B Ito-Davis|NLKWR Dewi|IK Gamantika|S Ravichandran|Gaurav Tiwari|GA Priandana|I Takahashi|DJ Hawoe|W Miyauchi,C Hinze|K Kadowaki-Fleming|F Banunaek|Ahmad Ramdoni|RM Koda|IKEG Artawan|S Ravichandran|Gaurav Tiwari|I Takahashi|M Taniyama|DJ Hawoe,5,6,0.45454545454545453,0.5454545454545454,0.29411764705882354,0.375,199.0,258.0,498.0,299.0,240.0,S Ravichandran,S Ravichandran,K Kadowaki-Fleming,NLKWR Dewi,F Banunaek,M Taniyama,0,0,0,0
2024-10-02,Japan,Philippines,1450774,C Hinze|K Kadowaki-Fleming|B Ito-Davis|Huzaifa Mohammed|HER Tyler|KDA Lukies|S Ravichandran|LJ Myott|A Chandel|I Takahashi|ASF Sirah,C Hinze|K Kadowaki-Fleming|B Ito-Davis|Huzaifa Mohammed|HER Tyler|KDA Lukies|J Tuffin|S Ravichandran|LJ Myott|A Chandel|I Takahashi,Huzaifa Mohammed|L Yamamoto-Lake|A Patmore|P Kumbhare|S Ravichandran|LJ Myott|M Podosky|I Takahashi|D Suzuki|M Taniyama|DC Smith,4,4,0.36363636363636365,0.36363636363636365,0.2222222222222222,0.2222222222222222,315.0,332.0,636.0,321.0,304.0,S Ravichandran,S Ravichandran,M Taniyama,I Takahashi,I Takahashi,DC Smith,0,0,0,0
2024-10-02,Nepal,Oman,1450827,RC Belbashi|SR Magar|Sompal Kami|Khawar Ali|PE Mendonca|K Bhurtel|P Khadka|Naseem Khushi|S Lamichhane|Aqib Ilyas|DS Airee,Sompal Kami|Kushal Malla|K Bhurtel|S Lamichhane|Zeeshan Maqsood|PS Athavale|Gulsan Jha|Aqib Ilyas|Karan KC|Fayyaz Butt|DS Airee,Shakeel Ahmed|R Dhakal|K Bhurtel|RK Paudel|Kaleemullah|Aasif Sheikh|Zeeshan Maqsood|S Lamichhane|Aqib Ilyas|Fayyaz Butt|DS Airee,4,6,0.36363636363636365,0.5454545454545454,0.2222222222222222,0.375,302.0,510.0,744.0,442.0,234.0,Aqib Ilyas,Aqib Ilyas,RK Paudel,RC Belbashi,DS Airee,K Bhurtel,0,0,0,0
2024-10-02,Namibia,United Arab Emirates,1450820,Rohan Mustafa|KKN Egodage|JN Loftie-Eaton|MG Erasmus|W Mwatile|Ali Naseer|CR Seneviratna|D Wiese|Sultan Ahmed|ER Oza|Amjad Javed,JJ Smit|T Lungameni|JN Loftie-Eaton|MG Erasmus|Ali Naseer|Junaid Siddique|JP Kotze|Waseem Muhammad|ER Oza|Basil Hameed|Aayan Afzal Khan,Muhammad Farooq|JJ Smit|A Sharafu|JC Balt|ZE Green|Junaid Siddique|Muhammad Jawadullah|R Chopra|BM Scholtz|Waseem Muhammad|Asif Khan,0,3,0.0,0.2727272727272727,0.0,0.15789473684210525,18.0,134.0,590.0,572.0,456.0,ER Oza,MG Erasmus,Muhammad Jawadullah,CR Seneviratna,JN Loftie-Eaton,ZE Green,0,0,0,0
2024-10-02,Indonesia,South Korea,1450775,F Banunaek|Seungmin Song|NPAN Sakarini|Aamir Lal|NLKWR Dewi|IK Gamantika|Mina Baek|NMP Suwandewi|Seri Chang|R Rohmalia|M Corazon,F Banunaek|Aamir Lal|NLKWR Dewi|RM Koda|Mudassir Iqbal|IK Gamantika|Gaurav Tiwari|Alam Nakash|IKEG Artawan|BI Dilruksha|DJ Hawoe,F Banunaek|Raja Shoaib|Ahmad Ramdoni|Altaf Gill|Aamir Lal|IK Gamantika|Anjar Tadarus|Gaurav Tiwari|Alam Nakash|BI Dilruksha|DJ Hawoe,3,7,0.2727272727272727,0.6363636363636364,0.15789473684210525,0.4666666666666667,158.0,402.0,543.0,385.0,141.0,NLKWR Dewi,Aamir Lal,F Banunaek,Aamir Lal,F Banunaek,Gaurav Tiwari,0,0,0,0
2024-10-03,Oman,Canada,1450828,H Thaker|Khawar Ali|Saad Bin Zafar|PE Mendonca|Amarpal Kaur|Zeeshan Maqsood|PS Athavale|H Patel|Aqib Ilyas|D Heyliger|D Saxena,Shakeel Ahmed|H Thaker|NS Dhaliwal|Saad Bin Zafar|Kaleem Sana|Zeeshan Maqsood|PS Athavale|Aqib Ilyas|D Heyliger|Parveen Kumar|D Saxena,H Thaker|NS Dhaliwal|Saad Bin Zafar|Kaleemullah|Akhil Kumar|Kaleem Sana|Zeeshan Maqsood|S Movva|Aqib Ilyas|NR Kirton|Parveen Kumar,4,7,0.36363636363636365,0.6363636363636364,0.2222222222222222,0.4666666666666667,273.0,451.0,622.0,349.0,171.0,Aqib Ilyas,Aqib Ilyas,Aqib Ilyas,D Saxena,Saad Bin Zafar,H Thaker,1,1,0,0
2024-10-03,Bangladesh,Scotland,1432422,Shakib Al Hasan|MRJ Watt|RM Haq|DEM Carter|BJ Currie|BJ McMullen|PA Chatterji|Liton Das|Taskin Ahmed|KE Bryce|Mohammad Saifuddin,Nigar Sultana|Shakib Al Hasan|C Abel|DEM Carter|Rabeya Khan|BJ Currie|BJ McMullen|PA Chatterji|J Jarvis|KE Bryce|Mohammad Saifuddin,Nigar Sultana|SJ Bryce|Fahima Khatun|K Fraser|Rabeya Khan|S Horley|Ritu Moni|S Mostary|Nahida Akter|KE Bryce|O Bell,1,3,0.09090909090909091,0.2727272727272727,0.047619047619047616,0.15789473684210525,77.0,174.0,667.0,590.0,493.0,KE Bryce,KE Bryce,S Horley,BJ McMullen,BJ McMullen,SJ Bryce,0,0,0,0
2024-10-03,Pakistan,Sri Lanka,1432423,Imad Wasim|WK Dilhari|Nida Dar|AC Jayangani|Mohammad Rizwan|HASD Siriwardene|Asmavia Iqbal|Shaheen Shah Afridi|DM de Silva|Arafat Minhas|Haris Rauf,Imad Wasim|Usman Khan|PWH de Silva|WK Dilhari|Nida Dar|Sadia Iqbal|AC Jayangani|Mohammad Rizwan|DM de Silva|Arafat Minhas|Haris Rauf,WK Dilhari|BMSM Kumari|Nida Dar|RMVD Gunaratne|KDU Prabodhani|Sadia Iqbal|Umaima Sohail|MAA Sanjeewani|AC Jayangani|Fatima Sana|Nashra Sandhu,3,4,0.2727272727272727,0.36363636363636365,0.15789473684210525,0.2222222222222222,167.0,254.0,755.0,588.0,501.0,AC Jayangani,Nida Dar,Fatima Sana,Nida Dar,AC Jayangani,AC Jayangani,0,0,0,1
2024-10-04,New Zealand,India,1432425,AE Satterthwaite|RP Yadav|AL Watkins|HH Pandya|TG Southee|AP Devcich|FL Mackay|AR Patel|BB McCullum|AC Kerr|Abhishek Sharma,RD Gaikwad|MJ Santner|DB Sharma|DP Conway|HH Pandya|YBK Jaiswal|TG Southee|AR Patel|SW Bates|AC Kerr|Abhishek Sharma,RA Mair|S Mandhana|EJ Carson|ML Green|GE Plimmer|LMM Tahuhu|Renuka Singh|SFM Devine|S Asha|A Reddy|AC Kerr,1,1,0.09090909090909091,0.09090909090909091,0.047619047619047616,0.047619047619047616,44.0,98.0,645.0,601.0,547.0,HH Pandya,AC Kerr,RA Mair,AL Watkins,Abhishek Sharma,SFM Devine,0,0,0,0
2024-10-04,Japan,South Korea,1450777,C Hinze|Kim Daeyeon|B Ito-Davis|Seungmin Song|K Kadowaki-Fleming|Aamir Lal|S Ravichandran|Mina Baek|A Chandel|I Takahashi|W Miyauchi,C Hinze|Kim Daeyeon|B Ito-Davis|S Kato|K Kadowaki-Fleming|Aamir Lal|Mudassir Iqbal|S Ravichandran|A Chandel|I Takahashi|BI Dilruksha,Fazil Muhammad|K Kadowaki-Fleming|Kim Daeyeon|Altaf Gill|B Ito-Davis|R Sakurano-Thomas|Raja Shoaib|P Kumbhare|S Ravichandran|I Takahashi|M Taniyama,5,5,0.45454545454545453,0.45454545454545453,0.29411764705882354,0.29411764705882354,410.0,426.0,731.0,321.0,305.0,S Ravichandran,S Ravichandran,K Kadowaki-Fleming,Aamir Lal,Aamir Lal,Fazil Muhammad,0,0,0,0
2024-10-04,Indonesia,Philippines,1450776,F Banunaek|Huzaifa Mohammed|NPAN Sakarini|NLKWR Dewi|A Andriani|ASF Sirah|KDA Lukies|LJ Myott|NMP Suwandewi|R Rohmalia|DC Smith,F Banunaek|DJ Hawoe|Huzaifa Mohammed|NLKWR Dewi|HER Tyler|PR Surve|IK Gamantika|KDA Lukies|J Tuffin|LJ Myott|DC Smith,Ahmad Ramdoni|Huzaifa Mohammed|PR Surve|Anjar Tadarus|IK Gamantika|ASF Sirah|J Tuffin|KDA Lukies|Gaurav Tiwari|IKEG Artawan|DC Smith,4,6,0.36363636363636365,0.5454545454545454,0.2222222222222222,0.375,290.0,406.0,687.0,397.0,281.0,NLKWR Dewi,DC Smith,IK Gamantika,DC Smith,F Banunaek,ASF Sirah,0,0,0,0
2024-10-04,Japan,Singapore,1451305,C Hinze|Janak Prakash|B Ito-Davis|GK Diviya|Avi Dixit|S Ravichandran|Manpreet Singh|A Chandel|I Takahashi|AE Paraam|U Aryaman Sunil,C Hinze|K Kadowaki-Fleming|B Ito-Davis|S Kato|JS Pooranakaran|GK Diviya|S Ravichandran|A Chandel|I Takahashi|AE Paraam|Shafina Mahesh,JS Pooranakaran|S Kato|M Yanagida|RR Seth|GK Diviya|E Kusuda-Nairn|C Boyle|A Kano|A Chandel|PSR Gurusinghe|Vinu Kumar,2,4,0.18181818181818182,0.36363636363636365,0.1,0.2222222222222222,57.0,211.0,581.0,524.0,370.0,S Ravichandran,S Ravichandran,S Kato,AE Paraam,A Chandel,Vinu Kumar,0,0,0,0
